tournament_full_name,tournament_name,tournament_year,tournament_split,tournament_region,tournament_url,game_title,game_map,game_day,game_num,game_id
"Pro League - Year 3, Split 1",Pro League,3,1,EMEA,/algs/Y3-Split1/Pro-League/EMEA/Overview,Day 1 - Game #1,Storm Point,1,1,f41e482f7ff51cee61afb2809fceecef
"Pro League - Year 3, Split 1",Pro League,3,1,EMEA,/algs/Y3-Split1/Pro-League/EMEA/Overview,Day 1 - Game #2,Storm Point,1,2,a00fbb58ee6e74062075f85a1b00a357
"Pro League - Year 3, Split 1",Pro League,3,1,EMEA,/algs/Y3-Split1/Pro-League/EMEA/Overview,Day 1 - Game #3,Storm Point,1,3,1aa5156c4996931470898527829226e2
"Pro League - Year 3, Split 1",Pro League,3,1,EMEA,/algs/Y3-Split1/Pro-League/EMEA/Overview,Day 1 - Game #4,World's Edge,1,4,945ac24de5741a438c3dfd5def40e6cd
"Pro League - Year 3, Split 1",Pro League,3,1,EMEA,/algs/Y3-Split1/Pro-League/EMEA/Overview,Day 1 - Game #5,World's Edge,1,5,07e7b750c1c330401bddd9310cd5bf9c
"Pro League - Year 3, Split 1",Pro League,3,1,EMEA,/algs/Y3-Split1/Pro-League/EMEA/Overview,Day 1 - Game #6,World's Edge,1,6,3dbcc8781a2429fb7efba9fa9ad7fc61
"Pro League - Year 3, Split 1",Pro League,3,1,EMEA,/algs/Y3-Split1/Pro-League/EMEA/Overview,Day 2 - Game #1,Storm Point,2,1,37b2d8644600c39891b0de33be179a4c
"Pro League - Year 3, Split 1",Pro League,3,1,EMEA,/algs/Y3-Split1/Pro-League/EMEA/Overview,Day 2 - Game #2,Storm Point,2,2,0a54929116df794ae82d8b6d08279fd6
"Pro League - Year 3, Split 1",Pro League,3,1,EMEA,/algs/Y3-Split1/Pro-League/EMEA/Overview,Day 2 - Game #3,Storm Point,2,3,eaeff2c58e469ad83008091b0980c54c
"Pro League - Year 3, Split 1",Pro League,3,1,EMEA,/algs/Y3-Split1/Pro-League/EMEA/Overview,Day 2 - Game #4,World's Edge,2,4,57842a5395b56c4ef2972e11383967c4
"Pro League - Year 3, Split 1",Pro League,3,1,EMEA,/algs/Y3-Split1/Pro-League/EMEA/Overview,Day 2 - Game #5,World's Edge,2,5,f8daccf64876e3d7339cfa7fd7221137
"Pro League - Year 3, Split 1",Pro League,3,1,EMEA,/algs/Y3-Split1/Pro-League/EMEA/Overview,Day 2 - Game #6,World's Edge,2,6,2f066f4ab1639b66208bbf376de7b095
"Pro League - Year 3, Split 1",Pro League,3,1,EMEA,/algs/Y3-Split1/Pro-League/EMEA/Overview,Day 3 - Game #1,Storm Point,3,1,3a4e25175d81ffa2f679231293ff83e5
"Pro League - Year 3, Split 1",Pro League,3,1,EMEA,/algs/Y3-Split1/Pro-League/EMEA/Overview,Day 3 - Game #2,Storm Point,3,2,ce43eb29f895451c3742d147e7e5bb1f
"Pro League - Year 3, Split 1",Pro League,3,1,EMEA,/algs/Y3-Split1/Pro-League/EMEA/Overview,Day 3 - Game #3,Storm Point,3,3,3c25e2dc0c70c902e7a61015d8e1cec0
"Pro League - Year 3, Split 1",Pro League,3,1,EMEA,/algs/Y3-Split1/Pro-League/EMEA/Overview,Day 3 - Game #4,World's Edge,3,4,eb363058491ce6c21ec050883d6cb52d
"Pro League - Year 3, Split 1",Pro League,3,1,EMEA,/algs/Y3-Split1/Pro-League/EMEA/Overview,Day 3 - Game #5,World's Edge,3,5,98547df92bfc1dc1ea946076c0997de3
"Pro League - Year 3, Split 1",Pro League,3,1,EMEA,/algs/Y3-Split1/Pro-League/EMEA/Overview,Day 3 - Game #6,World's Edge,3,6,07ecb8e7cd0dbeb4f1a23f29d9c744b3
"Pro League - Year 3, Split 1",Pro League,3,1,EMEA,/algs/Y3-Split1/Pro-League/EMEA/Overview,Day 4 - Game #1,Storm Point,4,1,909666a3bb9b5d14f17c288acb5a0832
"Pro League - Year 3, Split 1",Pro League,3,1,EMEA,/algs/Y3-Split1/Pro-League/EMEA/Overview,Day 4 - Game #2,Storm Point,4,2,df4bdb9571e3c7c30c3a879a4380bb3b
"Pro League - Year 3, Split 1",Pro League,3,1,EMEA,/algs/Y3-Split1/Pro-League/EMEA/Overview,Day 4 - Game #3,Storm Point,4,3,8117f9f478aaf6a317f8f75213e8daf6
"Pro League - Year 3, Split 1",Pro League,3,1,EMEA,/algs/Y3-Split1/Pro-League/EMEA/Overview,Day 4 - Game #4,World's Edge,4,4,d0ff1ff272043f2015a7eff37f617bdc
"Pro League - Year 3, Split 1",Pro League,3,1,EMEA,/algs/Y3-Split1/Pro-League/EMEA/Overview,Day 4 - Game #5,World's Edge,4,5,1a9a4734c5d6c7db49d6e3a83883f510
"Pro League - Year 3, Split 1",Pro League,3,1,EMEA,/algs/Y3-Split1/Pro-League/EMEA/Overview,Day 4 - Game #6,World's Edge,4,6,874e9a9c81f2216936fc7265a520aae3
"Pro League - Year 3, Split 1",Pro League,3,1,EMEA,/algs/Y3-Split1/Pro-League/EMEA/Overview,Day 5 - Game #1,Storm Point,5,1,2a36a813cd3444cb8152c7aea9a9219d
"Pro League - Year 3, Split 1",Pro League,3,1,EMEA,/algs/Y3-Split1/Pro-League/EMEA/Overview,Day 5 - Game #2,Storm Point,5,2,8b2e36b4a11b02b37b4d473752c4c3d8
"Pro League - Year 3, Split 1",Pro League,3,1,EMEA,/algs/Y3-Split1/Pro-League/EMEA/Overview,Day 5 - Game #3,Storm Point,5,3,6663298c2a410a8c03144fd121c240d4
"Pro League - Year 3, Split 1",Pro League,3,1,EMEA,/algs/Y3-Split1/Pro-League/EMEA/Overview,Day 5 - Game #4,World's Edge,5,4,157a8320b49a8bbff8c91812e53096e4
"Pro League - Year 3, Split 1",Pro League,3,1,EMEA,/algs/Y3-Split1/Pro-League/EMEA/Overview,Day 5 - Game #5,World's Edge,5,5,3f4e58d0b8b6cde747af58ec90525844
"Pro League - Year 3, Split 1",Pro League,3,1,EMEA,/algs/Y3-Split1/Pro-League/EMEA/Overview,Day 5 - Game #6,World's Edge,5,6,0fc9fba349a1ff4eb2573379335431c4
"Pro League - Year 3, Split 1",Pro League,3,1,EMEA,/algs/Y3-Split1/Pro-League/EMEA/Overview,Day 6 - Game #1,World's Edge,6,1,916f9ef1ea3ae3a96ef4e795a0e8a1ca
"Pro League - Year 3, Split 1",Pro League,3,1,EMEA,/algs/Y3-Split1/Pro-League/EMEA/Overview,Day 6 - Game #2,World's Edge,6,2,685f9ea00dd7538c190b3379d4ea09d0
"Pro League - Year 3, Split 1",Pro League,3,1,EMEA,/algs/Y3-Split1/Pro-League/EMEA/Overview,Day 6 - Game #3,World's Edge,6,3,73082bf6acce32b570ef99307c369dfe
"Pro League - Year 3, Split 1",Pro League,3,1,EMEA,/algs/Y3-Split1/Pro-League/EMEA/Overview,Day 6 - Game #4,Storm Point,6,4,b77a92f4e0ffadec9683ab7437d8d147
"Pro League - Year 3, Split 1",Pro League,3,1,EMEA,/algs/Y3-Split1/Pro-League/EMEA/Overview,Day 6 - Game #5,Storm Point,6,5,f028c41d98641e9f779dc606d4daee33
"Pro League - Year 3, Split 1",Pro League,3,1,EMEA,/algs/Y3-Split1/Pro-League/EMEA/Overview,Day 6 - Game #6,Storm Point,6,6,5557e52e5f1012d67bdae2cf9065bdd9
"Pro League - Year 3, Split 1",Pro League,3,1,EMEA,/algs/Y3-Split1/Pro-League/EMEA/Overview,Day 7 - Game #1,World's Edge,7,1,6ed4d4292fa9c4c6ee27c96a69fe93f5
"Pro League - Year 3, Split 1",Pro League,3,1,EMEA,/algs/Y3-Split1/Pro-League/EMEA/Overview,Day 7 - Game #2,World's Edge,7,2,76f02c5bd676963372d2d785dbca744b
"Pro League - Year 3, Split 1",Pro League,3,1,EMEA,/algs/Y3-Split1/Pro-League/EMEA/Overview,Day 7 - Game #3,World's Edge,7,3,317a95ea6d90e3c19f1b88ae0346f338
"Pro League - Year 3, Split 1",Pro League,3,1,EMEA,/algs/Y3-Split1/Pro-League/EMEA/Overview,Day 7 - Game #4,Storm Point,7,4,db9a5024cce2626eb98623561effa851
"Pro League - Year 3, Split 1",Pro League,3,1,EMEA,/algs/Y3-Split1/Pro-League/EMEA/Overview,Day 7 - Game #5,Storm Point,7,5,69251ca68ecc8bddeb4a96995438ad93
"Pro League - Year 3, Split 1",Pro League,3,1,EMEA,/algs/Y3-Split1/Pro-League/EMEA/Overview,Day 7 - Game #6,Storm Point,7,6,76f978c56ee1a62b8f4d89ebc1d9be71
"Pro League - Year 3, Split 1",Pro League,3,1,EMEA,/algs/Y3-Split1/Pro-League/EMEA/Overview,Day 8 - Game #1,World's Edge,8,1,f99daa1850c08bf7c62c3c0641079f99
"Pro League - Year 3, Split 1",Pro League,3,1,EMEA,/algs/Y3-Split1/Pro-League/EMEA/Overview,Day 8 - Game #2,World's Edge,8,2,7fdaa88fbf45bb7649a6f90bd2cc79f5
"Pro League - Year 3, Split 1",Pro League,3,1,EMEA,/algs/Y3-Split1/Pro-League/EMEA/Overview,Day 8 - Game #3,World's Edge,8,3,f57c561294775c56ce41adfcfb31fabe
"Pro League - Year 3, Split 1",Pro League,3,1,EMEA,/algs/Y3-Split1/Pro-League/EMEA/Overview,Day 8 - Game #4,Storm Point,8,4,de8ef3c032af4e6017fa30484bc25169
"Pro League - Year 3, Split 1",Pro League,3,1,EMEA,/algs/Y3-Split1/Pro-League/EMEA/Overview,Day 8 - Game #5,Storm Point,8,5,cc2278cbd18a5fab5a5f3bbcbade07e4
"Pro League - Year 3, Split 1",Pro League,3,1,EMEA,/algs/Y3-Split1/Pro-League/EMEA/Overview,Day 8 - Game #6,Storm Point,8,6,a86a2a45068b1584a68eb85a0857c2c6
"Pro League - Year 3, Split 1",Pro League,3,1,EMEA,/algs/Y3-Split1/Pro-League/EMEA/Overview,Day 9 - Game #1,World's Edge,9,1,6b0584d070a81c003320d155cbcb9f32
"Pro League - Year 3, Split 1",Pro League,3,1,EMEA,/algs/Y3-Split1/Pro-League/EMEA/Overview,Day 9 - Game #2,World's Edge,9,2,1c8d0b13be2dc65d09ac0ba14e6565d7
"Pro League - Year 3, Split 1",Pro League,3,1,EMEA,/algs/Y3-Split1/Pro-League/EMEA/Overview,Day 9 - Game #3,World's Edge,9,3,6a0811fd09faf7e36d0005ddafa7d63e
"Pro League - Year 3, Split 1",Pro League,3,1,EMEA,/algs/Y3-Split1/Pro-League/EMEA/Overview,Day 9 - Game #4,Storm Point,9,4,2fa2c2e6dd1253f8b182b06165af1283
"Pro League - Year 3, Split 1",Pro League,3,1,EMEA,/algs/Y3-Split1/Pro-League/EMEA/Overview,Day 9 - Game #5,Storm Point,9,5,d41aa5ffb1aacde0439ead97694ff403
"Pro League - Year 3, Split 1",Pro League,3,1,EMEA,/algs/Y3-Split1/Pro-League/EMEA/Overview,Day 9 - Game #6,Storm Point,9,6,d653fe5378e72c925e5f07ea95659d12
"ALGS Playoffs - Year 3, Split 1",ALGS Playoffs,3,1,Global,/algs/Y3-Split1/ALGS-Playoffs/Global/Overview,Day 1 - Game #1 - C vs. D,Storm Point,1,1,5fca89e9bd2a35878c6ef3be79da72bc
"ALGS Playoffs - Year 3, Split 1",ALGS Playoffs,3,1,Global,/algs/Y3-Split1/ALGS-Playoffs/Global/Overview,Day 1 - Game #1 - A vs. B,Storm Point,1,1,5fd036e6c4b26b8824d5fe29ab452484
"ALGS Playoffs - Year 3, Split 1",ALGS Playoffs,3,1,Global,/algs/Y3-Split1/ALGS-Playoffs/Global/Overview,Day 1 - Game #2 - C vs. D,Storm Point,1,2,1136e24ae792a5358883616061f48ff6
"ALGS Playoffs - Year 3, Split 1",ALGS Playoffs,3,1,Global,/algs/Y3-Split1/ALGS-Playoffs/Global/Overview,Day 1 - Game #2 - A vs. B,Storm Point,1,2,2dac48a4f2c27fab4f4143c5bad68855
"ALGS Playoffs - Year 3, Split 1",ALGS Playoffs,3,1,Global,/algs/Y3-Split1/ALGS-Playoffs/Global/Overview,Day 1 - Game #3 - C vs. D,Storm Point,1,3,e29da0906d27be1a4ed237b016ac2807
"ALGS Playoffs - Year 3, Split 1",ALGS Playoffs,3,1,Global,/algs/Y3-Split1/ALGS-Playoffs/Global/Overview,Day 1 - Game #3 - A vs. B,Storm Point,1,3,90b6c04b6fdc4c97cb30a4641ccc91fa
"ALGS Playoffs - Year 3, Split 1",ALGS Playoffs,3,1,Global,/algs/Y3-Split1/ALGS-Playoffs/Global/Overview,Day 1 - Game #4 - C vs. D,World's Edge,1,4,4db1cd7accbcf8c4ee611eff699f09bd
"ALGS Playoffs - Year 3, Split 1",ALGS Playoffs,3,1,Global,/algs/Y3-Split1/ALGS-Playoffs/Global/Overview,Day 1 - Game #4 - A vs. B,World's Edge,1,4,2f32ac54194d290eb37b7da4aaeaeed6
"ALGS Playoffs - Year 3, Split 1",ALGS Playoffs,3,1,Global,/algs/Y3-Split1/ALGS-Playoffs/Global/Overview,Day 1 - Game #5 - C vs. D,World's Edge,1,5,252a56a4aa7821026d3640e74b7043ad
"ALGS Playoffs - Year 3, Split 1",ALGS Playoffs,3,1,Global,/algs/Y3-Split1/ALGS-Playoffs/Global/Overview,Day 1 - Game #5 - A vs. B,World's Edge,1,5,2d0630f5c81480683cf234394cb0c5d3
"ALGS Playoffs - Year 3, Split 1",ALGS Playoffs,3,1,Global,/algs/Y3-Split1/ALGS-Playoffs/Global/Overview,Day 1 - Game #6 - C vs. D,World's Edge,1,6,71410a8bc8fb260f9b33e13cbd0b3d80
"ALGS Playoffs - Year 3, Split 1",ALGS Playoffs,3,1,Global,/algs/Y3-Split1/ALGS-Playoffs/Global/Overview,Day 1 - Game #6 - A vs. B,World's Edge,1,6,1c473d3a6b0f0d0e0b3a420ccbad4003
"ALGS Playoffs - Year 3, Split 1",ALGS Playoffs,3,1,Global,/algs/Y3-Split1/ALGS-Playoffs/Global/Overview,Day 2 - Game #1 - A vs. D,Storm Point,2,1,fe1facd771c2532b3e7cb4996762e2d6
"ALGS Playoffs - Year 3, Split 1",ALGS Playoffs,3,1,Global,/algs/Y3-Split1/ALGS-Playoffs/Global/Overview,Day 2 - Game #1 - A vs. C,World's Edge,2,1,58271f8c2b97755ce71200178ecb559a
"ALGS Playoffs - Year 3, Split 1",ALGS Playoffs,3,1,Global,/algs/Y3-Split1/ALGS-Playoffs/Global/Overview,Day 2 - Game #1 - B vs. C,Storm Point,2,1,313f0e7daa799922d39ef3c9c0ade831
"ALGS Playoffs - Year 3, Split 1",ALGS Playoffs,3,1,Global,/algs/Y3-Split1/ALGS-Playoffs/Global/Overview,Day 2 - Game #1 - B vs. D,World's Edge,2,1,0abebdca968241aab6ba8a75d8dd4d7c
"ALGS Playoffs - Year 3, Split 1",ALGS Playoffs,3,1,Global,/algs/Y3-Split1/ALGS-Playoffs/Global/Overview,Day 2 - Game #2 - A vs. D,Storm Point,2,2,3bd6f4850b661d253b8593b7d89ddbfd
"ALGS Playoffs - Year 3, Split 1",ALGS Playoffs,3,1,Global,/algs/Y3-Split1/ALGS-Playoffs/Global/Overview,Day 2 - Game #2 - A vs. C,World's Edge,2,2,1826bd0aa5b283539c55f362c9ab0484
"ALGS Playoffs - Year 3, Split 1",ALGS Playoffs,3,1,Global,/algs/Y3-Split1/ALGS-Playoffs/Global/Overview,Day 2 - Game #2 - B vs. C,Storm Point,2,2,a693ce0712e8dd4938551e90e3ea730f
"ALGS Playoffs - Year 3, Split 1",ALGS Playoffs,3,1,Global,/algs/Y3-Split1/ALGS-Playoffs/Global/Overview,Day 2 - Game #2 - B vs. D,World's Edge,2,2,8ddf3241129d081bdfdc8bc357ba1b4f
"ALGS Playoffs - Year 3, Split 1",ALGS Playoffs,3,1,Global,/algs/Y3-Split1/ALGS-Playoffs/Global/Overview,Day 2 - Game #3 - A vs. D,Storm Point,2,3,27472df2709c6d51bce4d486ef2ecac4
"ALGS Playoffs - Year 3, Split 1",ALGS Playoffs,3,1,Global,/algs/Y3-Split1/ALGS-Playoffs/Global/Overview,Day 2 - Game #3 - A vs. C,World's Edge,2,3,1522e2cba6192f2596e92440b52e6d3b
"ALGS Playoffs - Year 3, Split 1",ALGS Playoffs,3,1,Global,/algs/Y3-Split1/ALGS-Playoffs/Global/Overview,Day 2 - Game #3 - B vs. C,Storm Point,2,3,280f839a6c479e866502b182892b2c81
"ALGS Playoffs - Year 3, Split 1",ALGS Playoffs,3,1,Global,/algs/Y3-Split1/ALGS-Playoffs/Global/Overview,Day 2 - Game #3 - B vs. D,World's Edge,2,3,91627ece59f042d9658b5923450ad675
"ALGS Playoffs - Year 3, Split 1",ALGS Playoffs,3,1,Global,/algs/Y3-Split1/ALGS-Playoffs/Global/Overview,Day 2 - Game #4 - A vs. D,World's Edge,2,4,ecadc50b9b8f6d99f532a5444586eb4a
"ALGS Playoffs - Year 3, Split 1",ALGS Playoffs,3,1,Global,/algs/Y3-Split1/ALGS-Playoffs/Global/Overview,Day 2 - Game #4 - A vs. C,Storm Point,2,4,d29dff681df0b934723d14bbf662b485
"ALGS Playoffs - Year 3, Split 1",ALGS Playoffs,3,1,Global,/algs/Y3-Split1/ALGS-Playoffs/Global/Overview,Day 2 - Game #4 - B vs. C,World's Edge,2,4,4f75735468130c736ac345ed36eb6cd8
"ALGS Playoffs - Year 3, Split 1",ALGS Playoffs,3,1,Global,/algs/Y3-Split1/ALGS-Playoffs/Global/Overview,Day 2 - Game #4 - B vs. D,Storm Point,2,4,24e05e998993519f82e0446ac7ed70d5
"ALGS Playoffs - Year 3, Split 1",ALGS Playoffs,3,1,Global,/algs/Y3-Split1/ALGS-Playoffs/Global/Overview,Day 2 - Game #5 - A vs. D,World's Edge,2,5,7a6bddd56edde0807a1cb6b2f19078d6
"ALGS Playoffs - Year 3, Split 1",ALGS Playoffs,3,1,Global,/algs/Y3-Split1/ALGS-Playoffs/Global/Overview,Day 2 - Game #5 - A vs. C,Storm Point,2,5,1e9e249a88226ea3e5ec58275b808c8d
"ALGS Playoffs - Year 3, Split 1",ALGS Playoffs,3,1,Global,/algs/Y3-Split1/ALGS-Playoffs/Global/Overview,Day 2 - Game #5 - B vs. C,World's Edge,2,5,0e6966c8a6ede0e4dbdf7152daefd995
"ALGS Playoffs - Year 3, Split 1",ALGS Playoffs,3,1,Global,/algs/Y3-Split1/ALGS-Playoffs/Global/Overview,Day 2 - Game #5 - B vs. D,Storm Point,2,5,0d394472799e4427ac68be321a526214
"ALGS Playoffs - Year 3, Split 1",ALGS Playoffs,3,1,Global,/algs/Y3-Split1/ALGS-Playoffs/Global/Overview,Day 2 - Game #6 - A vs. D,World's Edge,2,6,315ae3316631b6edf32b012b19e7d69f
"ALGS Playoffs - Year 3, Split 1",ALGS Playoffs,3,1,Global,/algs/Y3-Split1/ALGS-Playoffs/Global/Overview,Day 2 - Game #6 - A vs. C,Storm Point,2,6,0e87a2b60b50462ff052f439cfe2aa63
"ALGS Playoffs - Year 3, Split 1",ALGS Playoffs,3,1,Global,/algs/Y3-Split1/ALGS-Playoffs/Global/Overview,Day 2 - Game #6 - B vs. C,World's Edge,2,6,d3f166d5bc5cf1b18c442a5f4d28b422
"ALGS Playoffs - Year 3, Split 1",ALGS Playoffs,3,1,Global,/algs/Y3-Split1/ALGS-Playoffs/Global/Overview,Day 2 - Game #6 - B vs. D,Storm Point,2,6,76462cb919b948eb797527f4fe5c7489
"ALGS Playoffs - Year 3, Split 1",ALGS Playoffs,3,1,Global,/algs/Y3-Split1/ALGS-Playoffs/Global/Overview,Day 3 - Game #1 - Losers bracket 2,Storm Point,3,1,893a16800d818e44c35cd0b1cb751def
"ALGS Playoffs - Year 3, Split 1",ALGS Playoffs,3,1,Global,/algs/Y3-Split1/ALGS-Playoffs/Global/Overview,Day 3 - Game #1 - Winners bracket,World's Edge,3,1,8774326490d1b62a89cdba2a957aaa9c
"ALGS Playoffs - Year 3, Split 1",ALGS Playoffs,3,1,Global,/algs/Y3-Split1/ALGS-Playoffs/Global/Overview,Day 3 - Game #1 - Losers Bracket 1,World's Edge,3,1,b78b0e7eb420922f2dc086aac4ca2c4e
"ALGS Playoffs - Year 3, Split 1",ALGS Playoffs,3,1,Global,/algs/Y3-Split1/ALGS-Playoffs/Global/Overview,Day 3 - Game #2 - Losers bracket 2,Storm Point,3,2,d5eadb08343a5938bac362226b4ac115
"ALGS Playoffs - Year 3, Split 1",ALGS Playoffs,3,1,Global,/algs/Y3-Split1/ALGS-Playoffs/Global/Overview,Day 3 - Game #2 - Winners bracket,World's Edge,3,2,70696c143a6f66120c1dc01f20d4bb1b
"ALGS Playoffs - Year 3, Split 1",ALGS Playoffs,3,1,Global,/algs/Y3-Split1/ALGS-Playoffs/Global/Overview,Day 3 - Game #2 - Losers bracket 1,World's Edge,3,2,0600dd22af6d48f939696e36d2df4c99
"ALGS Playoffs - Year 3, Split 1",ALGS Playoffs,3,1,Global,/algs/Y3-Split1/ALGS-Playoffs/Global/Overview,Day 3 - Game #3 - Losers bracket 2,Storm Point,3,3,d9c2e2d418e85b34973eebe0d56a7edf
"ALGS Playoffs - Year 3, Split 1",ALGS Playoffs,3,1,Global,/algs/Y3-Split1/ALGS-Playoffs/Global/Overview,Day 3 - Game #3 - Winners bracket,World's Edge,3,3,dcf37db32f9c3db1e29a2980b3b9e342
"ALGS Playoffs - Year 3, Split 1",ALGS Playoffs,3,1,Global,/algs/Y3-Split1/ALGS-Playoffs/Global/Overview,Day 3 - Game #3 - Losers bracket 1,World's Edge,3,3,e1df7e4131e0b1cb2924d715a6bc38be
"ALGS Playoffs - Year 3, Split 1",ALGS Playoffs,3,1,Global,/algs/Y3-Split1/ALGS-Playoffs/Global/Overview,Day 3 - Game #4 - Losers bracket 2,World's Edge,3,4,9190fa363681031cfbdd16459c1a75ee
"ALGS Playoffs - Year 3, Split 1",ALGS Playoffs,3,1,Global,/algs/Y3-Split1/ALGS-Playoffs/Global/Overview,Day 3 - Game #4 - Winners bracket,Storm Point,3,4,ff2664977d0fe38308a913290ce40a9d
"ALGS Playoffs - Year 3, Split 1",ALGS Playoffs,3,1,Global,/algs/Y3-Split1/ALGS-Playoffs/Global/Overview,Day 3 - Game #4 - Losers bracket 1,Storm Point,3,4,bd0b538b4e967133c877cdb5124e8846
"ALGS Playoffs - Year 3, Split 1",ALGS Playoffs,3,1,Global,/algs/Y3-Split1/ALGS-Playoffs/Global/Overview,Day 3 - Game #5 - Losers bracket 2,World's Edge,3,5,b49819f7bc050aa1564e1ccc59ce0d33
"ALGS Playoffs - Year 3, Split 1",ALGS Playoffs,3,1,Global,/algs/Y3-Split1/ALGS-Playoffs/Global/Overview,Day 3 - Game #5 - Winners bracket,Storm Point,3,5,2279f7801395495e21bb4d748b3c3186
"ALGS Playoffs - Year 3, Split 1",ALGS Playoffs,3,1,Global,/algs/Y3-Split1/ALGS-Playoffs/Global/Overview,Day 3 - Game #5 - Losers bracket 1,Storm Point,3,5,819d56c12bdc365ed64dc8dd3d69feca
"ALGS Playoffs - Year 3, Split 1",ALGS Playoffs,3,1,Global,/algs/Y3-Split1/ALGS-Playoffs/Global/Overview,Day 3 - Game #6 - Losers bracket 2,World's Edge,3,6,27371256de8f2fe679eb19fc08ec3b0c
"ALGS Playoffs - Year 3, Split 1",ALGS Playoffs,3,1,Global,/algs/Y3-Split1/ALGS-Playoffs/Global/Overview,Day 3 - Game #6 - Winners bracket,Storm Point,3,6,c2b8097bb4f96a6c6fa35ba1dc087b91
"ALGS Playoffs - Year 3, Split 1",ALGS Playoffs,3,1,Global,/algs/Y3-Split1/ALGS-Playoffs/Global/Overview,Day 3 - Game #6 - Losers bracket 1,Storm Point,3,6,0d9810f829930a2165368dc20254c7a9
"ALGS Playoffs - Year 3, Split 1",ALGS Playoffs,3,1,Global,/algs/Y3-Split1/ALGS-Playoffs/Global/Overview,Day 4 - Game #1 - Finals,World's Edge,4,1,58e5bd17c89dd4d718b7ed0821a35480
"ALGS Playoffs - Year 3, Split 1",ALGS Playoffs,3,1,Global,/algs/Y3-Split1/ALGS-Playoffs/Global/Overview,Day 4 - Game #2 - Finals,World's Edge,4,2,959d98b95a59575173175340ee38bb7c
"ALGS Playoffs - Year 3, Split 1",ALGS Playoffs,3,1,Global,/algs/Y3-Split1/ALGS-Playoffs/Global/Overview,Day 4 - Game #3 - Finals,Storm Point,4,3,6b815e828d17deb81ee75f1db43d8295
"ALGS Playoffs - Year 3, Split 1",ALGS Playoffs,3,1,Global,/algs/Y3-Split1/ALGS-Playoffs/Global/Overview,Day 4 - Game #4 - Finals,Storm Point,4,4,510f2fd88cfe3cf04b92ac3c6f6342fe
"ALGS Playoffs - Year 3, Split 1",ALGS Playoffs,3,1,Global,/algs/Y3-Split1/ALGS-Playoffs/Global/Overview,Day 4 - Game #5 - Finals,World's Edge,4,5,29f37d6397819f427d84b2a1f8bd102b
"ALGS Playoffs - Year 3, Split 1",ALGS Playoffs,3,1,Global,/algs/Y3-Split1/ALGS-Playoffs/Global/Overview,Day 4 - Game #6 - Finals,World's Edge,4,6,92a5a8a619906a16bfc8aa6199a5bce6
"ALGS Playoffs - Year 3, Split 1",ALGS Playoffs,3,1,Global,/algs/Y3-Split1/ALGS-Playoffs/Global/Overview,Day 4 - Game #7 - Finals,Storm Point,4,7,4864ede58c4d89eb2c1f4028b7b8f7c2
"ALGS Playoffs - Year 3, Split 1",ALGS Playoffs,3,1,Global,/algs/Y3-Split1/ALGS-Playoffs/Global/Overview,Day 4 - Game #8 - Finals,Storm Point,4,8,d39b7dd6dd3e77cb1fb40208e75a0c8d
"Pro League - Year 3, Split 1",Pro League,3,1,,/algs/Y3-Split1/Pro-League/NA/Overview,Day 1 - Game #1,Storm Point,1,1,a98b9ca89298356bc463a9fddc9931e3
"Pro League - Year 3, Split 1",Pro League,3,1,,/algs/Y3-Split1/Pro-League/NA/Overview,Day 1 - Game #2,Storm Point,1,2,f215ddcf250dc35eb765a2885f22b81b
"Pro League - Year 3, Split 1",Pro League,3,1,,/algs/Y3-Split1/Pro-League/NA/Overview,Day 1 - Game #3,Storm Point,1,3,dbd2c4bda66f7a6c4909785406dfdb6f
"Pro League - Year 3, Split 1",Pro League,3,1,,/algs/Y3-Split1/Pro-League/NA/Overview,Day 1 - Game #4,World's Edge,1,4,fa021d5ff9f953ad53f7b0d3e9ecc6d5
"Pro League - Year 3, Split 1",Pro League,3,1,,/algs/Y3-Split1/Pro-League/NA/Overview,Day 1 - Game #5,World's Edge,1,5,c23261984285d9365bf684b8c0429906
"Pro League - Year 3, Split 1",Pro League,3,1,,/algs/Y3-Split1/Pro-League/NA/Overview,Day 1 - Game #6,World's Edge,1,6,5124dfade1fcf76211f7ba96d31faa2a
"Pro League - Year 3, Split 1",Pro League,3,1,,/algs/Y3-Split1/Pro-League/NA/Overview,Day 2 - Game #1,Storm Point,2,1,a0e3b929011f7cc9808894608f06e39d
"Pro League - Year 3, Split 1",Pro League,3,1,,/algs/Y3-Split1/Pro-League/NA/Overview,Day 2 - Game #2,Storm Point,2,2,b55965cce37428206204efe6d46789b9
"Pro League - Year 3, Split 1",Pro League,3,1,,/algs/Y3-Split1/Pro-League/NA/Overview,Day 2 - Game #3 (Unavailable),Storm Point,2,3,#
"Pro League - Year 3, Split 1",Pro League,3,1,,/algs/Y3-Split1/Pro-League/NA/Overview,Day 2 - Game #4,World's Edge,2,4,f5f5ec5ed075868e8ad681068d3e71bf
"Pro League - Year 3, Split 1",Pro League,3,1,,/algs/Y3-Split1/Pro-League/NA/Overview,Day 2 - Game #5,World's Edge,2,5,1f212ca3804ccacde320914d578849b3
"Pro League - Year 3, Split 1",Pro League,3,1,,/algs/Y3-Split1/Pro-League/NA/Overview,Day 2 - Game #6,World's Edge,2,6,178fc6c87dad5d501699db82c3d635ed
"Pro League - Year 3, Split 1",Pro League,3,1,,/algs/Y3-Split1/Pro-League/NA/Overview,Day 3 - Game #1,Storm Point,3,1,782beb9f1fce5cac07adf21621069e12
"Pro League - Year 3, Split 1",Pro League,3,1,,/algs/Y3-Split1/Pro-League/NA/Overview,Day 3 - Game #2,Storm Point,3,2,dcde4c205a355b368ffd8fe588bde777
"Pro League - Year 3, Split 1",Pro League,3,1,,/algs/Y3-Split1/Pro-League/NA/Overview,Day 3 - Game #3,Storm Point,3,3,4d9b176501e2fb6ff3dd069b6925b39c
"Pro League - Year 3, Split 1",Pro League,3,1,,/algs/Y3-Split1/Pro-League/NA/Overview,Day 3 - Game #4,World's Edge,3,4,506a29315c3ac0bbf7b9799de197c485
"Pro League - Year 3, Split 1",Pro League,3,1,,/algs/Y3-Split1/Pro-League/NA/Overview,Day 3 - Game #5,World's Edge,3,5,b37cc07e24035732984b9f91ed8336b3
"Pro League - Year 3, Split 1",Pro League,3,1,,/algs/Y3-Split1/Pro-League/NA/Overview,Day 3 - Game #6,World's Edge,3,6,0a0c65170e3ef6fd4afdd3170719a51c
"Pro League - Year 3, Split 1",Pro League,3,1,,/algs/Y3-Split1/Pro-League/NA/Overview,Day 4 - Game #1,Storm Point,4,1,35936304f4a60aa9dab6f47c40d49a0c
"Pro League - Year 3, Split 1",Pro League,3,1,,/algs/Y3-Split1/Pro-League/NA/Overview,Day 4 - Game #2,Storm Point,4,2,2d7ad1fd1813c5578d2e9bf1f3007bfc
"Pro League - Year 3, Split 1",Pro League,3,1,,/algs/Y3-Split1/Pro-League/NA/Overview,Day 4 - Game #3,Storm Point,4,3,5f9d6198b2e4b55dcd723bc607154c69
"Pro League - Year 3, Split 1",Pro League,3,1,,/algs/Y3-Split1/Pro-League/NA/Overview,Day 4 - Game #4,World's Edge,4,4,1c10353ead1a754ba5ad96e04684bbae
"Pro League - Year 3, Split 1",Pro League,3,1,,/algs/Y3-Split1/Pro-League/NA/Overview,Day 4 - Game #5,World's Edge,4,5,704ccb577c115819e7a9ce84071066a8
"Pro League - Year 3, Split 1",Pro League,3,1,,/algs/Y3-Split1/Pro-League/NA/Overview,Day 4 - Game #6,World's Edge,4,6,c1597ea29b548c39511785075855482a
"Pro League - Year 3, Split 1",Pro League,3,1,,/algs/Y3-Split1/Pro-League/NA/Overview,Day 5 - Game #1,Storm Point,5,1,1ed4d34ced9c00a0d100c94fb9851a10
"Pro League - Year 3, Split 1",Pro League,3,1,,/algs/Y3-Split1/Pro-League/NA/Overview,Day 5 - Game #2,Storm Point,5,2,8d41be5b5ba856e4a65f244b79d14555
"Pro League - Year 3, Split 1",Pro League,3,1,,/algs/Y3-Split1/Pro-League/NA/Overview,Day 5 - Game #3,Storm Point,5,3,9562adb92a21c3a60441d57dc3a0b331
"Pro League - Year 3, Split 1",Pro League,3,1,,/algs/Y3-Split1/Pro-League/NA/Overview,Day 5 - Game #4,World's Edge,5,4,653167645446fb0f4f0465aa8cec29e1
"Pro League - Year 3, Split 1",Pro League,3,1,,/algs/Y3-Split1/Pro-League/NA/Overview,Day 5 - Game #5,World's Edge,5,5,110b288edca441e113ace9ae47602bac
"Pro League - Year 3, Split 1",Pro League,3,1,,/algs/Y3-Split1/Pro-League/NA/Overview,Day 5 - Game #6,World's Edge,5,6,c3a39fbfca46da3196cbc5f81731ec68
"Pro League - Year 3, Split 1",Pro League,3,1,,/algs/Y3-Split1/Pro-League/NA/Overview,Day 6 - Game #1,World's Edge,6,1,c09bd5d9bd1389612091c7d780357ff5
"Pro League - Year 3, Split 1",Pro League,3,1,,/algs/Y3-Split1/Pro-League/NA/Overview,Day 6 - Game #2,World's Edge,6,2,876876d1a5dc003201157eb2b76718cf
"Pro League - Year 3, Split 1",Pro League,3,1,,/algs/Y3-Split1/Pro-League/NA/Overview,Day 6 - Game #3,World's Edge,6,3,d146bba2f4cc5566ef7b5ee6eda011e5
"Pro League - Year 3, Split 1",Pro League,3,1,,/algs/Y3-Split1/Pro-League/NA/Overview,Day 6 - Game #4,Storm Point,6,4,3eb35068979fab6afc9753c963b2fe31
"Pro League - Year 3, Split 1",Pro League,3,1,,/algs/Y3-Split1/Pro-League/NA/Overview,Day 6 - Game #5,Storm Point,6,5,90dc9da434e0bbd7a49f6766fd9dceb0
"Pro League - Year 3, Split 1",Pro League,3,1,,/algs/Y3-Split1/Pro-League/NA/Overview,Day 6 - Game #6,Storm Point,6,6,486137e7eb047c7b3ef9637168408ee8
"Pro League - Year 3, Split 1",Pro League,3,1,,/algs/Y3-Split1/Pro-League/NA/Overview,Day 7 - Game #1,World's Edge,7,1,0d408204faf474d6b3232c4f7da01e80
"Pro League - Year 3, Split 1",Pro League,3,1,,/algs/Y3-Split1/Pro-League/NA/Overview,Day 7 - Game #2,World's Edge,7,2,a99603a060027ebcaed41c4cda9b5b37
"Pro League - Year 3, Split 1",Pro League,3,1,,/algs/Y3-Split1/Pro-League/NA/Overview,Day 7 - Game #3,World's Edge,7,3,5987d8f5ad6f073cf93581ce4e8b25b8
"Pro League - Year 3, Split 1",Pro League,3,1,,/algs/Y3-Split1/Pro-League/NA/Overview,Day 7 - Game #4,Storm Point,7,4,5d63ff6c763ebf2e8e2ee049734e0f3c
"Pro League - Year 3, Split 1",Pro League,3,1,,/algs/Y3-Split1/Pro-League/NA/Overview,Day 7 - Game #5,Storm Point,7,5,21c3f40724cbe9786dcd4915c3e88b1e
"Pro League - Year 3, Split 1",Pro League,3,1,,/algs/Y3-Split1/Pro-League/NA/Overview,Day 7 - Game #6,Storm Point,7,6,fa9cd7ed267baa0f69f3797a963027e6
"Pro League - Year 3, Split 1",Pro League,3,1,,/algs/Y3-Split1/Pro-League/NA/Overview,Day 8 - Game #1,World's Edge,8,1,296bce383d03ab3831bde26a07d5f3d8
"Pro League - Year 3, Split 1",Pro League,3,1,,/algs/Y3-Split1/Pro-League/NA/Overview,Day 8 - Game #2,World's Edge,8,2,2308f77b1a12c3caa193ff6539091e7e
"Pro League - Year 3, Split 1",Pro League,3,1,,/algs/Y3-Split1/Pro-League/NA/Overview,Day 8 - Game #3,World's Edge,8,3,cb655bc96864a5b4cb8831c33dfe936a
"Pro League - Year 3, Split 1",Pro League,3,1,,/algs/Y3-Split1/Pro-League/NA/Overview,Day 8 - Game #4,Storm Point,8,4,c6bba1af2310a896ad30a09f12e31686
"Pro League - Year 3, Split 1",Pro League,3,1,,/algs/Y3-Split1/Pro-League/NA/Overview,Day 8 - Game #5,Storm Point,8,5,fddd15198d8841d870c5fff4aa5e3f17
"Pro League - Year 3, Split 1",Pro League,3,1,,/algs/Y3-Split1/Pro-League/NA/Overview,Day 8 - Game #6,Storm Point,8,6,3f06a3e543bd5daaefac487a3834eb5b
"Pro League - Year 3, Split 1",Pro League,3,1,,/algs/Y3-Split1/Pro-League/NA/Overview,Day 9 - Game #1,World's Edge,9,1,a02ff75cf8e6cc80e5d7b943d675a750
"Pro League - Year 3, Split 1",Pro League,3,1,,/algs/Y3-Split1/Pro-League/NA/Overview,Day 9 - Game #2,World's Edge,9,2,12ad582d1111ba9840ee584f27ef4a9b
"Pro League - Year 3, Split 1",Pro League,3,1,,/algs/Y3-Split1/Pro-League/NA/Overview,Day 9 - Game #3,World's Edge,9,3,23bcba3388f8c0f26f9ef4f38635460a
"Pro League - Year 3, Split 1",Pro League,3,1,,/algs/Y3-Split1/Pro-League/NA/Overview,Day 9 - Game #4,Storm Point,9,4,fe0c85e98c262cb29a236c348b7a0d60
"Pro League - Year 3, Split 1",Pro League,3,1,,/algs/Y3-Split1/Pro-League/NA/Overview,Day 9 - Game #5,Storm Point,9,5,e23792aae8e47a8d775fdaa9ffec6fdb
"Pro League - Year 3, Split 1",Pro League,3,1,,/algs/Y3-Split1/Pro-League/NA/Overview,Day 9 - Game #6,Storm Point,9,6,d366a12b101d585b1d460dc295f870e1
"Pro League - Year 3, Split 2",Pro League,3,2,APAC_N,/algs/Y3-Split2/Pro-League/APAC_N/Overview,Day 1 - Game #1,World's Edge,1,1,589399da89218e0d6dcdfe0c293d6369
"Pro League - Year 3, Split 2",Pro League,3,2,APAC_N,/algs/Y3-Split2/Pro-League/APAC_N/Overview,Day 1 - Game #2,World's Edge,1,2,3656195437c22e2587d1d2a0083a5990
"Pro League - Year 3, Split 2",Pro League,3,2,APAC_N,/algs/Y3-Split2/Pro-League/APAC_N/Overview,Day 1 - Game #3,World's Edge,1,3,63f3d92a3c14df30d25f092b92bcfb28
"Pro League - Year 3, Split 2",Pro League,3,2,APAC_N,/algs/Y3-Split2/Pro-League/APAC_N/Overview,Day 1 - Game #4,Storm Point,1,4,60a6eb70158fa14116b500130871a951
"Pro League - Year 3, Split 2",Pro League,3,2,APAC_N,/algs/Y3-Split2/Pro-League/APAC_N/Overview,Day 1 - Game #5,Storm Point,1,5,9e371cd688dfea59a24152e88d47775c
"Pro League - Year 3, Split 2",Pro League,3,2,APAC_N,/algs/Y3-Split2/Pro-League/APAC_N/Overview,Day 1 - Game #6,Storm Point,1,6,a8cc979003f92e12f1e26950d34f8660
"Pro League - Year 3, Split 2",Pro League,3,2,APAC_N,/algs/Y3-Split2/Pro-League/APAC_N/Overview,Day 2 - Game #1,World's Edge,2,1,4c81d6126c855ba0b45fd8961f6ab080
"Pro League - Year 3, Split 2",Pro League,3,2,APAC_N,/algs/Y3-Split2/Pro-League/APAC_N/Overview,Day 2 - Game #2,World's Edge,2,2,ecc263db4c09e0f3becf1616ec1b19b9
"Pro League - Year 3, Split 2",Pro League,3,2,APAC_N,/algs/Y3-Split2/Pro-League/APAC_N/Overview,Day 2 - Game #3,World's Edge,2,3,982814e80d8cbc42974d67c9648f9a77
"Pro League - Year 3, Split 2",Pro League,3,2,APAC_N,/algs/Y3-Split2/Pro-League/APAC_N/Overview,Day 2 - Game #4,Storm Point,2,4,2a3bd4df14c9cbe79043bc9b087efe38
"Pro League - Year 3, Split 2",Pro League,3,2,APAC_N,/algs/Y3-Split2/Pro-League/APAC_N/Overview,Day 2 - Game #5,Storm Point,2,5,85c7b378e78c824f2dcede95322ee43f
"Pro League - Year 3, Split 2",Pro League,3,2,APAC_N,/algs/Y3-Split2/Pro-League/APAC_N/Overview,Day 2 - Game #6,Storm Point,2,6,2668a2bac8d13e2b8929133bfbd101dd
"Pro League - Year 3, Split 2",Pro League,3,2,APAC_N,/algs/Y3-Split2/Pro-League/APAC_N/Overview,Day 3 - Game #1,World's Edge,3,1,5ba9d7cc15accb6274046337f5cb3d5e
"Pro League - Year 3, Split 2",Pro League,3,2,APAC_N,/algs/Y3-Split2/Pro-League/APAC_N/Overview,Day 3 - Game #2,World's Edge,3,2,8ad3cf596e746030d3b1010f5391344b
"Pro League - Year 3, Split 2",Pro League,3,2,APAC_N,/algs/Y3-Split2/Pro-League/APAC_N/Overview,Day 3 - Game #3,World's Edge,3,3,d077446ed8fdc21347b9468c373745ed
"Pro League - Year 3, Split 2",Pro League,3,2,APAC_N,/algs/Y3-Split2/Pro-League/APAC_N/Overview,Day 3 - Game #4,Storm Point,3,4,32caa99ce0fa9b160751cb20f3ba1ac2
"Pro League - Year 3, Split 2",Pro League,3,2,APAC_N,/algs/Y3-Split2/Pro-League/APAC_N/Overview,Day 3 - Game #5,Storm Point,3,5,5044812a0cce11ee3df54e20d555b52f
"Pro League - Year 3, Split 2",Pro League,3,2,APAC_N,/algs/Y3-Split2/Pro-League/APAC_N/Overview,Day 3 - Game #6,Storm Point,3,6,adca273f2819530db5df367e3536ad36
"Pro League - Year 3, Split 2",Pro League,3,2,APAC_N,/algs/Y3-Split2/Pro-League/APAC_N/Overview,Day 4 - Game #1,Storm Point,4,1,e9de1fa0f42d4bae9b42b50aac30efa0
"Pro League - Year 3, Split 2",Pro League,3,2,APAC_N,/algs/Y3-Split2/Pro-League/APAC_N/Overview,Day 4 - Game #2,Storm Point,4,2,48b5f96ab0f335182e4fb4be53290360
"Pro League - Year 3, Split 2",Pro League,3,2,APAC_N,/algs/Y3-Split2/Pro-League/APAC_N/Overview,Day 4 - Game #3,Storm Point,4,3,d78ad6f57221f7de9d0a49d2e859715d
"Pro League - Year 3, Split 2",Pro League,3,2,APAC_N,/algs/Y3-Split2/Pro-League/APAC_N/Overview,Day 4 - Game #4,World's Edge,4,4,a19dfbf19a75c97ed3d588a22cc9ad50
"Pro League - Year 3, Split 2",Pro League,3,2,APAC_N,/algs/Y3-Split2/Pro-League/APAC_N/Overview,Day 4 - Game #5,World's Edge,4,5,c424109c6f82ba19797c9e42724a9b84
"Pro League - Year 3, Split 2",Pro League,3,2,APAC_N,/algs/Y3-Split2/Pro-League/APAC_N/Overview,Day 4 - Game #6,World's Edge,4,6,bab500ea579a3ae269ec283fae5c0b75
"Pro League - Year 3, Split 2",Pro League,3,2,APAC_N,/algs/Y3-Split2/Pro-League/APAC_N/Overview,Day 5 - Game #1,Storm Point,5,1,f5826561ab2eb0528f4909acd407b359
"Pro League - Year 3, Split 2",Pro League,3,2,APAC_N,/algs/Y3-Split2/Pro-League/APAC_N/Overview,Day 5 - Game #2,Storm Point,5,2,6548d83eecb066336ca86b1409632f4f
"Pro League - Year 3, Split 2",Pro League,3,2,APAC_N,/algs/Y3-Split2/Pro-League/APAC_N/Overview,Day 5 - Game #3,Storm Point,5,3,9bd9fb9eaffa210569c3d6b8c2551f21
"Pro League - Year 3, Split 2",Pro League,3,2,APAC_N,/algs/Y3-Split2/Pro-League/APAC_N/Overview,Day 5 - Game #4,World's Edge,5,4,adcecc3cc6f4cf35363a47a4967ca29a
"Pro League - Year 3, Split 2",Pro League,3,2,APAC_N,/algs/Y3-Split2/Pro-League/APAC_N/Overview,Day 5 - Game #5,World's Edge,5,5,80bf7df829f8f7d2ab50734e149e1f88
"Pro League - Year 3, Split 2",Pro League,3,2,APAC_N,/algs/Y3-Split2/Pro-League/APAC_N/Overview,Day 5 - Game #6,World's Edge,5,6,262d71a99e29ca83c1e01dc12170c843
"Pro League - Year 3, Split 2",Pro League,3,2,APAC_N,/algs/Y3-Split2/Pro-League/APAC_N/Overview,Day 6 - Game #1,Storm Point,6,1,e231e637a53839b1334860a750acc243
"Pro League - Year 3, Split 2",Pro League,3,2,APAC_N,/algs/Y3-Split2/Pro-League/APAC_N/Overview,Day 6 - Game #2,Storm Point,6,2,8b36ef7071c33e0fa9cf6e65267a0754
"Pro League - Year 3, Split 2",Pro League,3,2,APAC_N,/algs/Y3-Split2/Pro-League/APAC_N/Overview,Day 6 - Game #3,Storm Point,6,3,f36e27a7082e8f64ade30f152d88ceb5
"Pro League - Year 3, Split 2",Pro League,3,2,APAC_N,/algs/Y3-Split2/Pro-League/APAC_N/Overview,Day 6 - Game #4,World's Edge,6,4,530b588e9659c1c0c71b522c3d710d9d
"Pro League - Year 3, Split 2",Pro League,3,2,APAC_N,/algs/Y3-Split2/Pro-League/APAC_N/Overview,Day 6 - Game #5,World's Edge,6,5,9e6500e3f4f69407e113b962851c3215
"Pro League - Year 3, Split 2",Pro League,3,2,APAC_N,/algs/Y3-Split2/Pro-League/APAC_N/Overview,Day 6 - Game #6,World's Edge,6,6,4269805aa4418223f1da211f4137fa82
"Pro League - Year 3, Split 2",Pro League,3,2,APAC_N,/algs/Y3-Split2/Pro-League/APAC_N/Overview,Day 7 - Game #1,Storm Point,7,1,8cee3990a55207482429d0113779f036
"Pro League - Year 3, Split 2",Pro League,3,2,APAC_N,/algs/Y3-Split2/Pro-League/APAC_N/Overview,Day 7 - Game #2,Storm Point,7,2,bb74f550428178beb36370285edc68f7
"Pro League - Year 3, Split 2",Pro League,3,2,APAC_N,/algs/Y3-Split2/Pro-League/APAC_N/Overview,Day 7 - Game #3,Storm Point,7,3,c92ad94ca2ee90a37e16b17c108115f6
"Pro League - Year 3, Split 2",Pro League,3,2,APAC_N,/algs/Y3-Split2/Pro-League/APAC_N/Overview,Day 7 - Game #4,World's Edge,7,4,c70aa6995304ad392cf652fec661124a
"Pro League - Year 3, Split 2",Pro League,3,2,APAC_N,/algs/Y3-Split2/Pro-League/APAC_N/Overview,Day 7 - Game #5,World's Edge,7,5,abcd8d68343f0fec7260a8098c9cf601
"Pro League - Year 3, Split 2",Pro League,3,2,APAC_N,/algs/Y3-Split2/Pro-League/APAC_N/Overview,Day 7 - Game #6,World's Edge,7,6,bed6b783405fc4e83eebdbdbda78b76a
"Pro League - Year 3, Split 2",Pro League,3,2,APAC_N,/algs/Y3-Split2/Pro-League/APAC_N/Overview,Day 8 - Game #1,World's Edge,8,1,de05bcb7c25e8658c1a2bb98862c2123
"Pro League - Year 3, Split 2",Pro League,3,2,APAC_N,/algs/Y3-Split2/Pro-League/APAC_N/Overview,Day 8 - Game #2,World's Edge,8,2,9ceba629524ac08af7d79ba0497b5f31
"Pro League - Year 3, Split 2",Pro League,3,2,APAC_N,/algs/Y3-Split2/Pro-League/APAC_N/Overview,Day 8 - Game #3,World's Edge,8,3,e00f8e57da8dad1d34f6519a2d75e746
"Pro League - Year 3, Split 2",Pro League,3,2,APAC_N,/algs/Y3-Split2/Pro-League/APAC_N/Overview,Day 8 - Game #4,Storm Point,8,4,d16d81b6363edb7ddab4ab955f0f532a
"Pro League - Year 3, Split 2",Pro League,3,2,APAC_N,/algs/Y3-Split2/Pro-League/APAC_N/Overview,Day 8 - Game #5,Storm Point,8,5,6f9805dd4e8c4dc011e318d731d5d156
"Pro League - Year 3, Split 2",Pro League,3,2,APAC_N,/algs/Y3-Split2/Pro-League/APAC_N/Overview,Day 8 - Game #6,Storm Point,8,6,511e87ee96ec68b7c96d66dba96b3a66
"Pro League - Year 3, Split 2",Pro League,3,2,APAC_N,/algs/Y3-Split2/Pro-League/APAC_N/Overview,Day 9 - Game #1,World's Edge,9,1,ce2f15e2ffb384a2e1ba5817edf425d1
"Pro League - Year 3, Split 2",Pro League,3,2,APAC_N,/algs/Y3-Split2/Pro-League/APAC_N/Overview,Day 9 - Game #2,World's Edge,9,2,35dc4ddb691939feb7c7640ea3a0b9f9
"Pro League - Year 3, Split 2",Pro League,3,2,APAC_N,/algs/Y3-Split2/Pro-League/APAC_N/Overview,Day 9 - Game #3,World's Edge,9,3,feb74e8369f0f58ba6a0113a54a0a79e
"Pro League - Year 3, Split 2",Pro League,3,2,APAC_N,/algs/Y3-Split2/Pro-League/APAC_N/Overview,Day 9 - Game #4,Storm Point,9,4,96f882b2881c41a386f7b6de53b2d00b
"Pro League - Year 3, Split 2",Pro League,3,2,APAC_N,/algs/Y3-Split2/Pro-League/APAC_N/Overview,Day 9 - Game #5,Storm Point,9,5,475436e6095241a7cf1d60d6a97ca60e
"Pro League - Year 3, Split 2",Pro League,3,2,APAC_N,/algs/Y3-Split2/Pro-League/APAC_N/Overview,Day 9 - Game #6,Storm Point,9,6,85557c9decce4d965f363fba718d3411
"Pro League - Year 3, Split 2",Pro League,3,2,APAC_S,/algs/Y3-Split2/Pro-League/APAC_S/Overview,Day 1 - Game #1,World's Edge,1,1,b43db681e18cd6d54de4c3529f45bae5
"Pro League - Year 3, Split 2",Pro League,3,2,APAC_S,/algs/Y3-Split2/Pro-League/APAC_S/Overview,Day 1 - Game #2,World's Edge,1,2,65e9624ceae934ab3b91b3337bf52b97
"Pro League - Year 3, Split 2",Pro League,3,2,APAC_S,/algs/Y3-Split2/Pro-League/APAC_S/Overview,Day 1 - Game #3,World's Edge,1,3,4306db051d1ee158425d19d9aa9cb1b2
"Pro League - Year 3, Split 2",Pro League,3,2,APAC_S,/algs/Y3-Split2/Pro-League/APAC_S/Overview,Day 1 - Game #4,Storm Point,1,4,a780fe1075fe27f8110e3229795ee423
"Pro League - Year 3, Split 2",Pro League,3,2,APAC_S,/algs/Y3-Split2/Pro-League/APAC_S/Overview,Day 1 - Game #5,Storm Point,1,5,24230f8145d60f2b971f7fa19a9716fe
"Pro League - Year 3, Split 2",Pro League,3,2,APAC_S,/algs/Y3-Split2/Pro-League/APAC_S/Overview,Day 1 - Game #6,Storm Point,1,6,4cd0073db3fd0711b4e8dba89ab75378
"Pro League - Year 3, Split 2",Pro League,3,2,APAC_S,/algs/Y3-Split2/Pro-League/APAC_S/Overview,Day 2 - Game #1,World's Edge,2,1,bc37bcc49252dba190eaed625334cce9
"Pro League - Year 3, Split 2",Pro League,3,2,APAC_S,/algs/Y3-Split2/Pro-League/APAC_S/Overview,Day 2 - Game #2,World's Edge,2,2,6262e4581171a595755fea76c21512f5
"Pro League - Year 3, Split 2",Pro League,3,2,APAC_S,/algs/Y3-Split2/Pro-League/APAC_S/Overview,Day 2 - Game #3,World's Edge,2,3,837348207b255e4a2fc611c4f26d56e2
"Pro League - Year 3, Split 2",Pro League,3,2,APAC_S,/algs/Y3-Split2/Pro-League/APAC_S/Overview,Day 2 - Game #4,Storm Point,2,4,af498d6f7856c09db1d6412733ceec02
"Pro League - Year 3, Split 2",Pro League,3,2,APAC_S,/algs/Y3-Split2/Pro-League/APAC_S/Overview,Day 2 - Game #5,Storm Point,2,5,6f6520aa0e6eb5ed34c1af854a3f9249
"Pro League - Year 3, Split 2",Pro League,3,2,APAC_S,/algs/Y3-Split2/Pro-League/APAC_S/Overview,Day 2 - Game #6,Storm Point,2,6,9e5559c3470909bce4f0c59446904915
"Pro League - Year 3, Split 2",Pro League,3,2,APAC_S,/algs/Y3-Split2/Pro-League/APAC_S/Overview,Day 3 - Game #1,World's Edge,3,1,248d5c7118f2cd70490b62c721b49c19
"Pro League - Year 3, Split 2",Pro League,3,2,APAC_S,/algs/Y3-Split2/Pro-League/APAC_S/Overview,Day 3 - Game #2,World's Edge,3,2,94af1ffe2adc6612fc6dcb4b59e95883
"Pro League - Year 3, Split 2",Pro League,3,2,APAC_S,/algs/Y3-Split2/Pro-League/APAC_S/Overview,Day 3 - Game #3,World's Edge,3,3,1c0feb867540c35dbdf42a84ec96cc98
"Pro League - Year 3, Split 2",Pro League,3,2,APAC_S,/algs/Y3-Split2/Pro-League/APAC_S/Overview,Day 3 - Game #4,Storm Point,3,4,4094de9ecedab109613c1d96f3e100f3
"Pro League - Year 3, Split 2",Pro League,3,2,APAC_S,/algs/Y3-Split2/Pro-League/APAC_S/Overview,Day 3 - Game #5,Storm Point,3,5,673696c1ad7806aa0851de57c8c0b4b9
"Pro League - Year 3, Split 2",Pro League,3,2,APAC_S,/algs/Y3-Split2/Pro-League/APAC_S/Overview,Day 3 - Game #6,Storm Point,3,6,3843290c824ebdb2c82adba83eb0bb00
"Pro League - Year 3, Split 2",Pro League,3,2,APAC_S,/algs/Y3-Split2/Pro-League/APAC_S/Overview,Day 4 - Game #1,World's Edge,4,1,c599452c0511f0db5430bc37c8a9216c
"Pro League - Year 3, Split 2",Pro League,3,2,APAC_S,/algs/Y3-Split2/Pro-League/APAC_S/Overview,Day 4 - Game #2,World's Edge,4,2,a0a8e5fe8b7dc10bb50fa12a7a3ba17b
"Pro League - Year 3, Split 2",Pro League,3,2,APAC_S,/algs/Y3-Split2/Pro-League/APAC_S/Overview,Day 4 - Game #3,World's Edge,4,3,907eed4ed7519fa6c5e6d888b3f36bb9
"Pro League - Year 3, Split 2",Pro League,3,2,APAC_S,/algs/Y3-Split2/Pro-League/APAC_S/Overview,Day 4 - Game #4,Storm Point,4,4,9c084e61d18db7ae11dc0c2ef9eeecb5
"Pro League - Year 3, Split 2",Pro League,3,2,APAC_S,/algs/Y3-Split2/Pro-League/APAC_S/Overview,Day 4 - Game #5,Storm Point,4,5,bf23d38b5db35e9f6446f2788939dd6c
"Pro League - Year 3, Split 2",Pro League,3,2,APAC_S,/algs/Y3-Split2/Pro-League/APAC_S/Overview,Day 4 - Game #6,Storm Point,4,6,f5734c8337f92ce7f9687303ee08aa82
"Pro League - Year 3, Split 2",Pro League,3,2,APAC_S,/algs/Y3-Split2/Pro-League/APAC_S/Overview,Day 5 - Game #1,World's Edge,5,1,f86720590442d60139179f9124967efb
"Pro League - Year 3, Split 2",Pro League,3,2,APAC_S,/algs/Y3-Split2/Pro-League/APAC_S/Overview,Day 5 - Game #2,World's Edge,5,2,4fb21862b6ed737f309799f280baac3a
"Pro League - Year 3, Split 2",Pro League,3,2,APAC_S,/algs/Y3-Split2/Pro-League/APAC_S/Overview,Day 5 - Game #3,World's Edge,5,3,f2f39fd80940e0a723bf0beeadbc51a9
"Pro League - Year 3, Split 2",Pro League,3,2,APAC_S,/algs/Y3-Split2/Pro-League/APAC_S/Overview,Day 5 - Game #4,Storm Point,5,4,d19d8b0e8835811810ed7d5c6ac9e2a7
"Pro League - Year 3, Split 2",Pro League,3,2,APAC_S,/algs/Y3-Split2/Pro-League/APAC_S/Overview,Day 5 - Game #5,Storm Point,5,5,412c9f36f6133bbe74edd736f8fed1c0
"Pro League - Year 3, Split 2",Pro League,3,2,APAC_S,/algs/Y3-Split2/Pro-League/APAC_S/Overview,Day 5 - Game #6,Storm Point,5,6,1c07d3898e957f1a867ec636994cbfef
"Pro League - Year 3, Split 2",Pro League,3,2,APAC_S,/algs/Y3-Split2/Pro-League/APAC_S/Overview,Day 6 - Game #1,Storm Point,6,1,5ff40e98743fbfbdd9e7269c63c113d7
"Pro League - Year 3, Split 2",Pro League,3,2,APAC_S,/algs/Y3-Split2/Pro-League/APAC_S/Overview,Day 6 - Game #2,Storm Point,6,2,f59565cec7ed05643363c6f80e7d4d79
"Pro League - Year 3, Split 2",Pro League,3,2,APAC_S,/algs/Y3-Split2/Pro-League/APAC_S/Overview,Day 6 - Game #3,Storm Point,6,3,95f9dc1468594d778f12d4f23c658be2
"Pro League - Year 3, Split 2",Pro League,3,2,APAC_S,/algs/Y3-Split2/Pro-League/APAC_S/Overview,Day 6 - Game #4,World's Edge,6,4,85535a513c0bd7363bc1a0b5ac3a073d
"Pro League - Year 3, Split 2",Pro League,3,2,APAC_S,/algs/Y3-Split2/Pro-League/APAC_S/Overview,Day 6 - Game #5,World's Edge,6,5,8d1e1322c126d64f134bb1613e2acecd
"Pro League - Year 3, Split 2",Pro League,3,2,APAC_S,/algs/Y3-Split2/Pro-League/APAC_S/Overview,Day 6 - Game #6,World's Edge,6,6,55e0fd112614381dd823ac468e865f7b
"Pro League - Year 3, Split 2",Pro League,3,2,APAC_S,/algs/Y3-Split2/Pro-League/APAC_S/Overview,Day 7 - Game #1,Storm Point,7,1,08d0ba5509cf2e9e37f0a7f9f4158c9b
"Pro League - Year 3, Split 2",Pro League,3,2,APAC_S,/algs/Y3-Split2/Pro-League/APAC_S/Overview,Day 7 - Game #2,Storm Point,7,2,3448d2571a27b1c988483f34009344ba
"Pro League - Year 3, Split 2",Pro League,3,2,APAC_S,/algs/Y3-Split2/Pro-League/APAC_S/Overview,Day 7 - Game #3,Storm Point,7,3,f4d94320b1a7c85d329ab4a0e92cc4fe
"Pro League - Year 3, Split 2",Pro League,3,2,APAC_S,/algs/Y3-Split2/Pro-League/APAC_S/Overview,Day 7 - Game #4,World's Edge,7,4,e3548ae23c9cdf9c50ad2c6fd59081df
"Pro League - Year 3, Split 2",Pro League,3,2,APAC_S,/algs/Y3-Split2/Pro-League/APAC_S/Overview,Day 7 - Game #5,World's Edge,7,5,1ee3f2151bcf167ce3b642dbaea1a691
"Pro League - Year 3, Split 2",Pro League,3,2,APAC_S,/algs/Y3-Split2/Pro-League/APAC_S/Overview,Day 7 - Game #6,World's Edge,7,6,3d539eb0999f6af23596f465fafca713
"Pro League - Year 3, Split 2",Pro League,3,2,APAC_S,/algs/Y3-Split2/Pro-League/APAC_S/Overview,Day 8 - Game #1,Storm Point,8,1,5c4b3d20005ef4a3da255f3eca22917f
"Pro League - Year 3, Split 2",Pro League,3,2,APAC_S,/algs/Y3-Split2/Pro-League/APAC_S/Overview,Day 8 - Game #2,Storm Point,8,2,969d2e62704f26112aa0a9f5c144ac12
"Pro League - Year 3, Split 2",Pro League,3,2,APAC_S,/algs/Y3-Split2/Pro-League/APAC_S/Overview,Day 8 - Game #3,Storm Point,8,3,c54ff59297995f71b67029842fcb2bdc
"Pro League - Year 3, Split 2",Pro League,3,2,APAC_S,/algs/Y3-Split2/Pro-League/APAC_S/Overview,Day 8 - Game #4,World's Edge,8,4,bcb819f9f8e7868e1a26a04ffacf06fe
"Pro League - Year 3, Split 2",Pro League,3,2,APAC_S,/algs/Y3-Split2/Pro-League/APAC_S/Overview,Day 8 - Game #5,World's Edge,8,5,f6df35acf5a21bf9ce023c3550e5eafb
"Pro League - Year 3, Split 2",Pro League,3,2,APAC_S,/algs/Y3-Split2/Pro-League/APAC_S/Overview,Day 8 - Game #6,World's Edge,8,6,559dad4bdd6c8b2fa9c41777a9d6d713
"Pro League - Year 3, Split 2",Pro League,3,2,APAC_S,/algs/Y3-Split2/Pro-League/APAC_S/Overview,Day 9 - Game #1,Storm Point,9,1,b90b3518bdfeba85aa05d9cadc48de69
"Pro League - Year 3, Split 2",Pro League,3,2,APAC_S,/algs/Y3-Split2/Pro-League/APAC_S/Overview,Day 9 - Game #2,Storm Point,9,2,27ab01260a059e2ee58d797e85330c02
"Pro League - Year 3, Split 2",Pro League,3,2,APAC_S,/algs/Y3-Split2/Pro-League/APAC_S/Overview,Day 9 - Game #3,Storm Point,9,3,14f5aa9a9ef216507fda8cb170fd379c
"Pro League - Year 3, Split 2",Pro League,3,2,APAC_S,/algs/Y3-Split2/Pro-League/APAC_S/Overview,Day 9 - Game #4,World's Edge,9,4,930e1191f5c529851745a99c25f24c9e
"Pro League - Year 3, Split 2",Pro League,3,2,APAC_S,/algs/Y3-Split2/Pro-League/APAC_S/Overview,Day 9 - Game #5,World's Edge,9,5,fbb0538a4aa2f29af1f5695f21208e2c
"Pro League - Year 3, Split 2",Pro League,3,2,APAC_S,/algs/Y3-Split2/Pro-League/APAC_S/Overview,Day 9 - Game #6,World's Edge,9,6,32d209729f9cc9e49abcfa375fc10850
"Pro League - Year 3, Split 2",Pro League,3,2,EMEA,/algs/Y3-Split2/Pro-League/EMEA/Overview,Day 1 - Game #1,World's Edge,1,1,07fbdd1c40331280cc5cee67381e77f7
"LCQ - Year 3, Split 2",LCQ,3,2,EMEA,/algs/Y3-Split2/LCQ/EMEA/Overview,Day 1 - Game #1,World's Edge,1,1,582f51458ff0f78b884001e7bb9c6e6a
"Pro League - Year 3, Split 2",Pro League,3,2,EMEA,/algs/Y3-Split2/Pro-League/EMEA/Overview,Day 1 - Game #2,World's Edge,1,2,54ed1d9667d706a517c47f5701469645
"LCQ - Year 3, Split 2",LCQ,3,2,EMEA,/algs/Y3-Split2/LCQ/EMEA/Overview,Day 1 - Game #2,World's Edge,1,2,cf9917cfdeb03bb7b6d0157f7b34a140
"Pro League - Year 3, Split 2",Pro League,3,2,EMEA,/algs/Y3-Split2/Pro-League/EMEA/Overview,Day 1 - Game #3,World's Edge,1,3,cd487e98bbd2d430c08e3ce0d859cab1
"LCQ - Year 3, Split 2",LCQ,3,2,EMEA,/algs/Y3-Split2/LCQ/EMEA/Overview,Day 1 - Game #3,Storm Point,1,3,15ae74f84202f41d2f6b143f4be58b1c
"Pro League - Year 3, Split 2",Pro League,3,2,EMEA,/algs/Y3-Split2/Pro-League/EMEA/Overview,Day 1 - Game #4,Storm Point,1,4,c2cd55dbbca48e51204006b7fe86f419
"LCQ - Year 3, Split 2",LCQ,3,2,EMEA,/algs/Y3-Split2/LCQ/EMEA/Overview,Day 1 - Game #4,Storm Point,1,4,3c7842abdec287eff3610e06ad212846
"Pro League - Year 3, Split 2",Pro League,3,2,EMEA,/algs/Y3-Split2/Pro-League/EMEA/Overview,Day 1 - Game #5,Storm Point,1,5,f7e11ce42b52185866e2f827ff1daaa2
"LCQ - Year 3, Split 2",LCQ,3,2,EMEA,/algs/Y3-Split2/LCQ/EMEA/Overview,Day 1 - Game #5,World's Edge,1,5,dd598401c5711f11da8e124790f218c0
"Pro League - Year 3, Split 2",Pro League,3,2,EMEA,/algs/Y3-Split2/Pro-League/EMEA/Overview,Day 1 - Game #6,Storm Point,1,6,c1876801a747b40d6ed913eb2f7fd0b0
"LCQ - Year 3, Split 2",LCQ,3,2,EMEA,/algs/Y3-Split2/LCQ/EMEA/Overview,Day 1 - Game #6,World's Edge,1,6,8e8088929a0a536b681927858b03e74e
"LCQ - Year 3, Split 2",LCQ,3,2,EMEA,/algs/Y3-Split2/LCQ/EMEA/Overview,Day 1 - Game #7,Storm Point,1,7,d2a68309e3aff426a3d54f66843502dd
"LCQ - Year 3, Split 2",LCQ,3,2,EMEA,/algs/Y3-Split2/LCQ/EMEA/Overview,Day 1 - Game #8,Storm Point,1,8,8863dc27ad31465dc31916fc9b9be130
"Pro League - Year 3, Split 2",Pro League,3,2,EMEA,/algs/Y3-Split2/Pro-League/EMEA/Overview,Day 2 - Game #1,World's Edge,2,1,070dc5d17c48be4320df47014706d611
"Pro League - Year 3, Split 2",Pro League,3,2,EMEA,/algs/Y3-Split2/Pro-League/EMEA/Overview,Day 2 - Game #2,World's Edge,2,2,cb354e2014e31447c532d0a41c8af3bf
"Pro League - Year 3, Split 2",Pro League,3,2,EMEA,/algs/Y3-Split2/Pro-League/EMEA/Overview,Day 2 - Game #3,World's Edge,2,3,38779028812ffbb2a386f68f9142d136
"Pro League - Year 3, Split 2",Pro League,3,2,EMEA,/algs/Y3-Split2/Pro-League/EMEA/Overview,Day 2 - Game #4,Storm Point,2,4,21c3532847dbfae7b6e9652deca8d643
"Pro League - Year 3, Split 2",Pro League,3,2,EMEA,/algs/Y3-Split2/Pro-League/EMEA/Overview,Day 2 - Game #5,Storm Point,2,5,2db7757d11e460cdfeb3376546020229
"Pro League - Year 3, Split 2",Pro League,3,2,EMEA,/algs/Y3-Split2/Pro-League/EMEA/Overview,Day 2 - Game #6,Storm Point,2,6,9b1fb17a72a86a8c183149871fa04112
"Pro League - Year 3, Split 2",Pro League,3,2,EMEA,/algs/Y3-Split2/Pro-League/EMEA/Overview,Day 3 - Game #1,World's Edge,3,1,1bc1268a760cf972360444e6a014dbab
"Pro League - Year 3, Split 2",Pro League,3,2,EMEA,/algs/Y3-Split2/Pro-League/EMEA/Overview,Day 3 - Game #2,World's Edge,3,2,8d99557268386e96a253a3976f26d8d2
"Pro League - Year 3, Split 2",Pro League,3,2,EMEA,/algs/Y3-Split2/Pro-League/EMEA/Overview,Day 3 - Game #3,World's Edge,3,3,9077cc30bb404b7d382e2c779f65f394
"Pro League - Year 3, Split 2",Pro League,3,2,EMEA,/algs/Y3-Split2/Pro-League/EMEA/Overview,Day 3 - Game #4,Storm Point,3,4,ff4efde2c0a7e7f6ae217bf44b0ef5c3
"Pro League - Year 3, Split 2",Pro League,3,2,EMEA,/algs/Y3-Split2/Pro-League/EMEA/Overview,Day 3 - Game #5,Storm Point,3,5,98f52a0edafefb00fc734417a61b247c
"Pro League - Year 3, Split 2",Pro League,3,2,EMEA,/algs/Y3-Split2/Pro-League/EMEA/Overview,Day 3 - Game #6,Storm Point,3,6,5940d228b22b5f4efd818d7e9bddce89
"Pro League - Year 3, Split 2",Pro League,3,2,EMEA,/algs/Y3-Split2/Pro-League/EMEA/Overview,Day 4 - Game #1,World's Edge,4,1,ac06d8a2b019ae0e1a80f78a9c6d0030
"Pro League - Year 3, Split 2",Pro League,3,2,EMEA,/algs/Y3-Split2/Pro-League/EMEA/Overview,Day 4 - Game #2,World's Edge,4,2,229acddb7b256a0b4ae7d4398bb02b73
"Pro League - Year 3, Split 2",Pro League,3,2,EMEA,/algs/Y3-Split2/Pro-League/EMEA/Overview,Day 4 - Game #3,World's Edge,4,3,f84b1e6ca936837d67d66522cf8a0b08
"Pro League - Year 3, Split 2",Pro League,3,2,EMEA,/algs/Y3-Split2/Pro-League/EMEA/Overview,Day 4 - Game #4,Storm Point,4,4,3bc330c45927f8b521900c7c88a0c85a
"Pro League - Year 3, Split 2",Pro League,3,2,EMEA,/algs/Y3-Split2/Pro-League/EMEA/Overview,Day 4 - Game #5,Storm Point,4,5,9ba6a3c79d72b965d7c35e37f76799da
"Pro League - Year 3, Split 2",Pro League,3,2,EMEA,/algs/Y3-Split2/Pro-League/EMEA/Overview,Day 4 - Game #6,Storm Point,4,6,545f5637675f1b8350343b9893a2331f
"Pro League - Year 3, Split 2",Pro League,3,2,EMEA,/algs/Y3-Split2/Pro-League/EMEA/Overview,Day 5 - Game #1,World's Edge,5,1,8da3dd896a2855d4a18355069043cf6b
"Pro League - Year 3, Split 2",Pro League,3,2,EMEA,/algs/Y3-Split2/Pro-League/EMEA/Overview,Day 5 - Game #2,World's Edge,5,2,4a3a9a5d79681e85d6cba6f75bd73ebb
"Pro League - Year 3, Split 2",Pro League,3,2,EMEA,/algs/Y3-Split2/Pro-League/EMEA/Overview,Day 5 - Game #3,World's Edge,5,3,5479096e2ca5ddb2e258d0dc5468987c
"Pro League - Year 3, Split 2",Pro League,3,2,EMEA,/algs/Y3-Split2/Pro-League/EMEA/Overview,Day 5 - Game #4,Storm Point,5,4,223f5d2b9d517be85cfebf1138e5ee01
"Pro League - Year 3, Split 2",Pro League,3,2,EMEA,/algs/Y3-Split2/Pro-League/EMEA/Overview,Day 5 - Game #5,Storm Point,5,5,d1a8cdbcd65d5675a1eadb1f87e9b8cf
"Pro League - Year 3, Split 2",Pro League,3,2,EMEA,/algs/Y3-Split2/Pro-League/EMEA/Overview,Day 5 - Game #6,Storm Point,5,6,4fec0ddbcd313b865d32d304b2a3b83a
"Pro League - Year 3, Split 2",Pro League,3,2,EMEA,/algs/Y3-Split2/Pro-League/EMEA/Overview,Day 6 - Game #1,Storm Point,6,1,97eee37246c762371767872dd6a1fc8b
"Pro League - Year 3, Split 2",Pro League,3,2,EMEA,/algs/Y3-Split2/Pro-League/EMEA/Overview,Day 6 - Game #2,Storm Point,6,2,32ae9e94a131178987435d95a54297bc
"Pro League - Year 3, Split 2",Pro League,3,2,EMEA,/algs/Y3-Split2/Pro-League/EMEA/Overview,Day 6 - Game #3,Storm Point,6,3,1f61147400adf57bff6ecb9db50cb6b8
"Pro League - Year 3, Split 2",Pro League,3,2,EMEA,/algs/Y3-Split2/Pro-League/EMEA/Overview,Day 6 - Game #4,World's Edge,6,4,583a7d16244ba000bfb68d64655d9485
"Pro League - Year 3, Split 2",Pro League,3,2,EMEA,/algs/Y3-Split2/Pro-League/EMEA/Overview,Day 6 - Game #5,World's Edge,6,5,0c7d9acf5e19ed76ca6be9a55e70f94e
"Pro League - Year 3, Split 2",Pro League,3,2,EMEA,/algs/Y3-Split2/Pro-League/EMEA/Overview,Day 6 - Game #6,World's Edge,6,6,096385e79759e776bc9ab88ab2a57232
"Pro League - Year 3, Split 2",Pro League,3,2,EMEA,/algs/Y3-Split2/Pro-League/EMEA/Overview,Day 7 - Game #1,Storm Point,7,1,8b2eb950b7c8044c0c9ea84af0775f48
"Pro League - Year 3, Split 2",Pro League,3,2,EMEA,/algs/Y3-Split2/Pro-League/EMEA/Overview,Day 7 - Game #2,Storm Point,7,2,60a2bedff38a9274a789bf562203c7ad
"Pro League - Year 3, Split 2",Pro League,3,2,EMEA,/algs/Y3-Split2/Pro-League/EMEA/Overview,Day 7 - Game #3,Storm Point,7,3,80676938af6932dff9781ca8d8939ae4
"Pro League - Year 3, Split 2",Pro League,3,2,EMEA,/algs/Y3-Split2/Pro-League/EMEA/Overview,Day 7 - Game #4,World's Edge,7,4,855654ab2e5e1f035cce9bd7a82c0634
"Pro League - Year 3, Split 2",Pro League,3,2,EMEA,/algs/Y3-Split2/Pro-League/EMEA/Overview,Day 7 - Game #5,World's Edge,7,5,f4f1b0d8490be904d830c1a977cce3ee
"Pro League - Year 3, Split 2",Pro League,3,2,EMEA,/algs/Y3-Split2/Pro-League/EMEA/Overview,Day 7 - Game #6,World's Edge,7,6,ee2d3eedd2e784ff61f20ce41a1fa49b
"Pro League - Year 3, Split 2",Pro League,3,2,EMEA,/algs/Y3-Split2/Pro-League/EMEA/Overview,Day 8 - Game #1,Storm Point,8,1,b633c014717eca6b5c4ff9570e72fc8f
"Pro League - Year 3, Split 2",Pro League,3,2,EMEA,/algs/Y3-Split2/Pro-League/EMEA/Overview,Day 8 - Game #2,Storm Point,8,2,cc4e995b3a74626815a26776d6a48350
"Pro League - Year 3, Split 2",Pro League,3,2,EMEA,/algs/Y3-Split2/Pro-League/EMEA/Overview,Day 8 - Game #3,Storm Point,8,3,be48803bb02b6b81e0cebfd6440d5f4b
"Pro League - Year 3, Split 2",Pro League,3,2,EMEA,/algs/Y3-Split2/Pro-League/EMEA/Overview,Day 8 - Game #4,World's Edge,8,4,981bcd78d7c107ff600cda7bb1cba9ae
"Pro League - Year 3, Split 2",Pro League,3,2,EMEA,/algs/Y3-Split2/Pro-League/EMEA/Overview,Day 8 - Game #5,World's Edge,8,5,c4382bb13ade85ce34a3f3a27e156b96
"Pro League - Year 3, Split 2",Pro League,3,2,EMEA,/algs/Y3-Split2/Pro-League/EMEA/Overview,Day 8 - Game #6,World's Edge,8,6,7db4cc3fd3e495f3ba8c659d2f65fe56
"Pro League - Year 3, Split 2",Pro League,3,2,EMEA,/algs/Y3-Split2/Pro-League/EMEA/Overview,Day 9 - Game #1,Storm Point,9,1,ef3a8f7ec2f5f951bcacacf1110088dc
"Pro League - Year 3, Split 2",Pro League,3,2,EMEA,/algs/Y3-Split2/Pro-League/EMEA/Overview,Day 9 - Game #2,Storm Point,9,2,b09fc4557f31b57422b9ca89d5650b13
"Pro League - Year 3, Split 2",Pro League,3,2,EMEA,/algs/Y3-Split2/Pro-League/EMEA/Overview,Day 9 - Game #3,Storm Point,9,3,bcac413cde60e10c817453ed56f11dc8
"Pro League - Year 3, Split 2",Pro League,3,2,EMEA,/algs/Y3-Split2/Pro-League/EMEA/Overview,Day 9 - Game #4,World's Edge,9,4,944a67c15c680fc50f68af327f72bb2c
"Pro League - Year 3, Split 2",Pro League,3,2,EMEA,/algs/Y3-Split2/Pro-League/EMEA/Overview,Day 9 - Game #5,World's Edge,9,5,497d1dc73b6cc4b351c518c9a93f1c5c
"Pro League - Year 3, Split 2",Pro League,3,2,EMEA,/algs/Y3-Split2/Pro-League/EMEA/Overview,Day 9 - Game #6,World's Edge,9,6,fd7c8ba8103f282b363b8515eeb160d9
"ALGS Playoffs - Year 3, Split 2",ALGS Playoffs,3,2,Global,/algs/Y3-Split2/ALGS-Playoffs/Global/Overview,Day 1 - Game #1,World's Edge,1,1,3dad68e20fbcd052ccb1925268601fbd
"ALGS Playoffs - Year 3, Split 2",ALGS Playoffs,3,2,Global,/algs/Y3-Split2/ALGS-Playoffs/Global/Overview,Day 1 - Game #1,Storm Point,1,1,fb86c9daa812c78e8237376729d2ee3e
"ALGS Playoffs - Year 3, Split 2",ALGS Playoffs,3,2,Global,/algs/Y3-Split2/ALGS-Playoffs/Global/Overview,Day 1 - Game #1,Storm Point,1,1,a18fb0c5cb0f328b43807f4fc325a611
"ALGS Championship - Year 3, Split 2",ALGS Championship,3,2,Global,/algs/Y3-Split2/ALGS-Championships/Global/Overview,Day 1 - Game #1,World's Edge,1,1,89b74abea7bcf30dc73f14236c64b119
"ALGS Championship - Year 3, Split 2",ALGS Championship,3,2,Global,/algs/Y3-Split2/ALGS-Championships/Global/Overview,Day 1 - Game #1,World's Edge,1,1,41e6854e074abfd9e1c0b07ac18b0d30
"ALGS Championship - Year 3, Split 2",ALGS Championship,3,2,Global,/algs/Y3-Split2/ALGS-Championships/Global/Overview,Day 1 - Game #1,World's Edge,1,1,441c526b036d35628f6d93386ce8c41d
"ALGS Playoffs - Year 3, Split 2",ALGS Playoffs,3,2,Global,/algs/Y3-Split2/ALGS-Playoffs/Global/Overview,Day 1 - Game #2,World's Edge,1,2,ba86965caf33a63a8a15fcc3d7c2c62a
"ALGS Playoffs - Year 3, Split 2",ALGS Playoffs,3,2,Global,/algs/Y3-Split2/ALGS-Playoffs/Global/Overview,Day 1 - Game #2,Storm Point,1,2,e1b24997cbcb354d0e10897367354bf2
"ALGS Playoffs - Year 3, Split 2",ALGS Playoffs,3,2,Global,/algs/Y3-Split2/ALGS-Playoffs/Global/Overview,Day 1 - Game #2,Storm Point,1,2,412741cbafcb314fda3c5d6658633f3d
"ALGS Championship - Year 3, Split 2",ALGS Championship,3,2,Global,/algs/Y3-Split2/ALGS-Championships/Global/Overview,Day 1 - Game #2,World's Edge,1,2,8db6e623783b7cedc1630b79c088ac9f
"ALGS Championship - Year 3, Split 2",ALGS Championship,3,2,Global,/algs/Y3-Split2/ALGS-Championships/Global/Overview,Day 1 - Game #2,World's Edge,1,2,072108764da11fb4c2f65d960ddb7a7d
"ALGS Championship - Year 3, Split 2",ALGS Championship,3,2,Global,/algs/Y3-Split2/ALGS-Championships/Global/Overview,Day 1 - Game #2,World's Edge,1,2,90429dba42be1b6a5996c9f042ea6c3c
"ALGS Playoffs - Year 3, Split 2",ALGS Playoffs,3,2,Global,/algs/Y3-Split2/ALGS-Playoffs/Global/Overview,Day 1 - Game #3,World's Edge,1,3,6797abd7ecfc105f7c887a0253b0971c
"ALGS Playoffs - Year 3, Split 2",ALGS Playoffs,3,2,Global,/algs/Y3-Split2/ALGS-Playoffs/Global/Overview,Day 1 - Game #3,Storm Point,1,3,76897573dfa6183b25940ee41a725067
"ALGS Playoffs - Year 3, Split 2",ALGS Playoffs,3,2,Global,/algs/Y3-Split2/ALGS-Playoffs/Global/Overview,Day 1 - Game #3,Storm Point,1,3,efb9f840a47ce847bcffa78cb5401870
"ALGS Championship - Year 3, Split 2",ALGS Championship,3,2,Global,/algs/Y3-Split2/ALGS-Championships/Global/Overview,Day 1 - Game #3,World's Edge,1,3,d49e3e6dac8a5cd3cc47841d6e520d12
"ALGS Championship - Year 3, Split 2",ALGS Championship,3,2,Global,/algs/Y3-Split2/ALGS-Championships/Global/Overview,Day 1 - Game #3,World's Edge,1,3,2aabdeff5dc8ff7391e5e099aff68f71
"ALGS Championship - Year 3, Split 2",ALGS Championship,3,2,Global,/algs/Y3-Split2/ALGS-Championships/Global/Overview,Day 1 - Game #3,World's Edge,1,3,05c4403f23d13e1bade886e0827cbd33
"ALGS Playoffs - Year 3, Split 2",ALGS Playoffs,3,2,Global,/algs/Y3-Split2/ALGS-Playoffs/Global/Overview,Day 1 - Game #4,Storm Point,1,4,0c4693aad7fbfe81c1e7aeb0ceac272d
"ALGS Playoffs - Year 3, Split 2",ALGS Playoffs,3,2,Global,/algs/Y3-Split2/ALGS-Playoffs/Global/Overview,Day 1 - Game #4,World's Edge,1,4,18024a3870f3f475046e1cabff57af92
"ALGS Playoffs - Year 3, Split 2",ALGS Playoffs,3,2,Global,/algs/Y3-Split2/ALGS-Playoffs/Global/Overview,Day 1 - Game #4,World's Edge,1,4,4f7afce0d8f49fd30192c5e36aeade74
"ALGS Championship - Year 3, Split 2",ALGS Championship,3,2,Global,/algs/Y3-Split2/ALGS-Championships/Global/Overview,Day 1 - Game #4,Storm Point,1,4,1a8d6a4a580e41b39d95dca238b855fd
"ALGS Championship - Year 3, Split 2",ALGS Championship,3,2,Global,/algs/Y3-Split2/ALGS-Championships/Global/Overview,Day 1 - Game #4,Storm Point,1,4,d678aaa4ff40d867b4bd60932c2e6d54
"ALGS Championship - Year 3, Split 2",ALGS Championship,3,2,Global,/algs/Y3-Split2/ALGS-Championships/Global/Overview,Day 1 - Game #4,Storm Point,1,4,fdb567019422476b8acc85f7cef6feca
"ALGS Playoffs - Year 3, Split 2",ALGS Playoffs,3,2,Global,/algs/Y3-Split2/ALGS-Playoffs/Global/Overview,Day 1 - Game #5,Storm Point,1,5,eeea51882c0bae81f9bd5758ae01645b
"ALGS Playoffs - Year 3, Split 2",ALGS Playoffs,3,2,Global,/algs/Y3-Split2/ALGS-Playoffs/Global/Overview,Day 1 - Game #5,World's Edge,1,5,4b6ea21be0b5234574f6213e688818dd
"ALGS Playoffs - Year 3, Split 2",ALGS Playoffs,3,2,Global,/algs/Y3-Split2/ALGS-Playoffs/Global/Overview,Day 1 - Game #5,World's Edge,1,5,8448baea3dbf041cc8cab7b7bf4fe344
"ALGS Championship - Year 3, Split 2",ALGS Championship,3,2,Global,/algs/Y3-Split2/ALGS-Championships/Global/Overview,Day 1 - Game #5,Storm Point,1,5,ba569f3d043bd44e766256f442eb5036
"ALGS Championship - Year 3, Split 2",ALGS Championship,3,2,Global,/algs/Y3-Split2/ALGS-Championships/Global/Overview,Day 1 - Game #5,Storm Point,1,5,495752287e3fdc2979b922c7b54482ed
"ALGS Championship - Year 3, Split 2",ALGS Championship,3,2,Global,/algs/Y3-Split2/ALGS-Championships/Global/Overview,Day 1 - Game #5,Storm Point,1,5,d4df644bc6d394f0ba6edef8e15100e8
"ALGS Playoffs - Year 3, Split 2",ALGS Playoffs,3,2,Global,/algs/Y3-Split2/ALGS-Playoffs/Global/Overview,Day 1 - Game #6,Storm Point,1,6,e69bb101cf7d67a99ada644f8c7a7470
"ALGS Playoffs - Year 3, Split 2",ALGS Playoffs,3,2,Global,/algs/Y3-Split2/ALGS-Playoffs/Global/Overview,Day 1 - Game #6,World's Edge,1,6,e3252628a9d3cd015d54f39137f29e9c
"ALGS Playoffs - Year 3, Split 2",ALGS Playoffs,3,2,Global,/algs/Y3-Split2/ALGS-Playoffs/Global/Overview,Day 1 - Game #6,World's Edge,1,6,6d7a6ab99308829aac8838ce568717d6
"ALGS Championship - Year 3, Split 2",ALGS Championship,3,2,Global,/algs/Y3-Split2/ALGS-Championships/Global/Overview,Day 1 - Game #6,Storm Point,1,6,b473407eedfee46981510d9d6eded9f2
"ALGS Championship - Year 3, Split 2",ALGS Championship,3,2,Global,/algs/Y3-Split2/ALGS-Championships/Global/Overview,Day 1 - Game #6,Storm Point,1,6,ed2fc88edfe43d458242b2a8fcad1981
"ALGS Championship - Year 3, Split 2",ALGS Championship,3,2,Global,/algs/Y3-Split2/ALGS-Championships/Global/Overview,Day 1 - Game #6,Storm Point,1,6,c7d8db12b07f1feadda704cf21a2ed00
"ALGS Playoffs - Year 3, Split 2",ALGS Playoffs,3,2,Global,/algs/Y3-Split2/ALGS-Playoffs/Global/Overview,Day 2 - Game #1,Storm Point,2,1,a3ea97a24457c3a55775932627372304
"ALGS Playoffs - Year 3, Split 2",ALGS Playoffs,3,2,Global,/algs/Y3-Split2/ALGS-Playoffs/Global/Overview,Day 2 - Game #1,Storm Point,2,1,5abe43c505f2ca59d00e87e4940df2f2
"ALGS Playoffs - Year 3, Split 2",ALGS Playoffs,3,2,Global,/algs/Y3-Split2/ALGS-Playoffs/Global/Overview,Day 2 - Game #1,World's Edge,2,1,9f1b63984d4708f9d59cd676df2b0203
"ALGS Championship - Year 3, Split 2",ALGS Championship,3,2,Global,/algs/Y3-Split2/ALGS-Championships/Global/Overview,Day 2 - Game #1,World's Edge,2,1,80fc26b5f0e2a3d542800d89ea903ed9
"ALGS Championship - Year 3, Split 2",ALGS Championship,3,2,Global,/algs/Y3-Split2/ALGS-Championships/Global/Overview,Day 2 - Game #1,Storm Point,2,1,a9529bf52528b25da3804fc0ee24f4b4
"ALGS Championship - Year 3, Split 2",ALGS Championship,3,2,Global,/algs/Y3-Split2/ALGS-Championships/Global/Overview,Day 2 - Game #1,Storm Point,2,1,fa7a7c90ec054779fc58b9441765f21a
"ALGS Playoffs - Year 3, Split 2",ALGS Playoffs,3,2,Global,/algs/Y3-Split2/ALGS-Playoffs/Global/Overview,Day 2 - Game #2,Storm Point,2,2,78a6d504e28bb4177d986349b478de15
"ALGS Playoffs - Year 3, Split 2",ALGS Playoffs,3,2,Global,/algs/Y3-Split2/ALGS-Playoffs/Global/Overview,Day 2 - Game #2,Storm Point,2,2,1272c8e933faaaf8158c7e87d50f32a2
"ALGS Playoffs - Year 3, Split 2",ALGS Playoffs,3,2,Global,/algs/Y3-Split2/ALGS-Playoffs/Global/Overview,Day 2 - Game #2,World's Edge,2,2,a7689d4440cb149c6cdf7814d0ab77ba
"ALGS Championship - Year 3, Split 2",ALGS Championship,3,2,Global,/algs/Y3-Split2/ALGS-Championships/Global/Overview,Day 2 - Game #2,Storm Point,2,2,93e1c36d51e45bea1f4dadea8225e424
"ALGS Championship - Year 3, Split 2",ALGS Championship,3,2,Global,/algs/Y3-Split2/ALGS-Championships/Global/Overview,Day 2 - Game #2,Storm Point,2,2,91156fd4d180d98796943e96d7cbf603
"ALGS Championship - Year 3, Split 2",ALGS Championship,3,2,Global,/algs/Y3-Split2/ALGS-Championships/Global/Overview,Day 2 - Game #2,World's Edge,2,2,a0d7f1aaca2f6a12abf3daf1554b8d40
"ALGS Playoffs - Year 3, Split 2",ALGS Playoffs,3,2,Global,/algs/Y3-Split2/ALGS-Playoffs/Global/Overview,Day 2 - Game #3,Storm Point,2,3,ae43fd356bc41d61b7dc2e8df32022cd
"ALGS Playoffs - Year 3, Split 2",ALGS Playoffs,3,2,Global,/algs/Y3-Split2/ALGS-Playoffs/Global/Overview,Day 2 - Game #3,Storm Point,2,3,7a51d0108cd333583ad2a8432c2cf239
"ALGS Playoffs - Year 3, Split 2",ALGS Playoffs,3,2,Global,/algs/Y3-Split2/ALGS-Playoffs/Global/Overview,Day 2 - Game #3,World's Edge,2,3,bbd7f9021047cf6739a56036efd81c05
"ALGS Championship - Year 3, Split 2",ALGS Championship,3,2,Global,/algs/Y3-Split2/ALGS-Championships/Global/Overview,Day 2 - Game #3,Storm Point,2,3,d86b1327bffd6655b016afc65f71fdfa
"ALGS Championship - Year 3, Split 2",ALGS Championship,3,2,Global,/algs/Y3-Split2/ALGS-Championships/Global/Overview,Day 2 - Game #3,Storm Point,2,3,e2e8a197dad56724be43422f8404c677
"ALGS Championship - Year 3, Split 2",ALGS Championship,3,2,Global,/algs/Y3-Split2/ALGS-Championships/Global/Overview,Day 2 - Game #3,World's Edge,2,3,c65a45061570ee6468cc3843f871dc14
"ALGS Playoffs - Year 3, Split 2",ALGS Playoffs,3,2,Global,/algs/Y3-Split2/ALGS-Playoffs/Global/Overview,Day 2 - Game #4,World's Edge,2,4,81a5466009bfd528eed472029bc5ae27
"ALGS Playoffs - Year 3, Split 2",ALGS Playoffs,3,2,Global,/algs/Y3-Split2/ALGS-Playoffs/Global/Overview,Day 2 - Game #4,World's Edge,2,4,bfce095f7934b8af5875ecb6fedf79f5
"ALGS Championship - Year 3, Split 2",ALGS Championship,3,2,Global,/algs/Y3-Split2/ALGS-Championships/Global/Overview,Day 2 - Game #4,World's Edge,2,4,3a674523e8e728664bee63fe4c2a4025
"ALGS Championship - Year 3, Split 2",ALGS Championship,3,2,Global,/algs/Y3-Split2/ALGS-Championships/Global/Overview,Day 2 - Game #4,World's Edge,2,4,48f26f5fa62c93c149dccc91ddcf4acb
"ALGS Championship - Year 3, Split 2",ALGS Championship,3,2,Global,/algs/Y3-Split2/ALGS-Championships/Global/Overview,Day 2 - Game #4,Storm Point,2,4,ed110ddfebc6217e12dc3fb10b52e100
"ALGS Playoffs - Year 3, Split 2",ALGS Playoffs,3,2,Global,/algs/Y3-Split2/ALGS-Playoffs/Global/Overview,Day 2 - Game #5,World's Edge,2,5,117a2b33b13228d1513c31d1c37bf2fe
"ALGS Playoffs - Year 3, Split 2",ALGS Playoffs,3,2,Global,/algs/Y3-Split2/ALGS-Playoffs/Global/Overview,Day 2 - Game #5,World's Edge,2,5,3a7138779317f7989944afbfdb7bff6b
"ALGS Playoffs - Year 3, Split 2",ALGS Playoffs,3,2,Global,/algs/Y3-Split2/ALGS-Playoffs/Global/Overview,Day 2 - Game #5,Storm Point,2,5,77fdbefcc93d63143267d050711f1977
"ALGS Championship - Year 3, Split 2",ALGS Championship,3,2,Global,/algs/Y3-Split2/ALGS-Championships/Global/Overview,Day 2 - Game #5,World's Edge,2,5,7e6c062c9c5dcd815c8719ce0b6c4224
"ALGS Championship - Year 3, Split 2",ALGS Championship,3,2,Global,/algs/Y3-Split2/ALGS-Championships/Global/Overview,Day 2 - Game #5,World's Edge,2,5,b5e8e3eeeb90731e4482472123276376
"ALGS Championship - Year 3, Split 2",ALGS Championship,3,2,Global,/algs/Y3-Split2/ALGS-Championships/Global/Overview,Day 2 - Game #5,Storm Point,2,5,313115b990495dcde46aa9f92b2e711c
"ALGS Playoffs - Year 3, Split 2",ALGS Playoffs,3,2,Global,/algs/Y3-Split2/ALGS-Playoffs/Global/Overview,Day 2 - Game #6,World's Edge,2,6,3bffa88afde9619d1964cb1a198276ed
"ALGS Playoffs - Year 3, Split 2",ALGS Playoffs,3,2,Global,/algs/Y3-Split2/ALGS-Playoffs/Global/Overview,Day 2 - Game #6,World's Edge,2,6,0369259e99ece60123479298b0ae2023
"ALGS Playoffs - Year 3, Split 2",ALGS Playoffs,3,2,Global,/algs/Y3-Split2/ALGS-Playoffs/Global/Overview,Day 2 - Game #6,Storm Point,2,6,d1a4532b0b43e594283db1089e1c1a15
"ALGS Championship - Year 3, Split 2",ALGS Championship,3,2,Global,/algs/Y3-Split2/ALGS-Championships/Global/Overview,Day 2 - Game #6,World's Edge,2,6,b5655ef480ace35b820bed602b0acfe9
"ALGS Championship - Year 3, Split 2",ALGS Championship,3,2,Global,/algs/Y3-Split2/ALGS-Championships/Global/Overview,Day 2 - Game #6,World's Edge,2,6,434a155dfefe3d39210b0192a54621fc
"ALGS Championship - Year 3, Split 2",ALGS Championship,3,2,Global,/algs/Y3-Split2/ALGS-Championships/Global/Overview,Day 2 - Game #6,Storm Point,2,6,8b806032f8c8f2a396fb910001c6fd68
"ALGS Playoffs - Year 3, Split 2",ALGS Playoffs,3,2,Global,/algs/Y3-Split2/ALGS-Playoffs/Global/Overview,Day 3 - Game #1,Storm Point,3,1,d975916388563ab9c424842584c31e20
"ALGS Playoffs - Year 3, Split 2",ALGS Playoffs,3,2,Global,/algs/Y3-Split2/ALGS-Playoffs/Global/Overview,Day 3 - Game #1,World's Edge,3,1,9723ea76643d91ad86ef348d8603c231
"ALGS Playoffs - Year 3, Split 2",ALGS Playoffs,3,2,Global,/algs/Y3-Split2/ALGS-Playoffs/Global/Overview,Day 3 - Game #1,World's Edge,3,1,52ef65d6af44781390f11e49bccb6288
"ALGS Championship - Year 3, Split 2",ALGS Championship,3,2,Global,/algs/Y3-Split2/ALGS-Championships/Global/Overview,Day 3 - Game #1,Storm Point,3,1,07a9902555e8ee658c58087be216beb9
"ALGS Playoffs - Year 3, Split 2",ALGS Playoffs,3,2,Global,/algs/Y3-Split2/ALGS-Playoffs/Global/Overview,Day 3 - Game #2,Storm Point,3,2,f624fcc2acc9c06f46b390ee718e2e6f
"ALGS Playoffs - Year 3, Split 2",ALGS Playoffs,3,2,Global,/algs/Y3-Split2/ALGS-Playoffs/Global/Overview,Day 3 - Game #2,World's Edge,3,2,9e6f85a2b4006cb71ccb39f1ef4f74ee
"ALGS Playoffs - Year 3, Split 2",ALGS Playoffs,3,2,Global,/algs/Y3-Split2/ALGS-Playoffs/Global/Overview,Day 3 - Game #2,World's Edge,3,2,3b3d90d88d2d6b9d3b9bb19dbfefe117
"ALGS Championship - Year 3, Split 2",ALGS Championship,3,2,Global,/algs/Y3-Split2/ALGS-Championships/Global/Overview,Day 3 - Game #2,Storm Point,3,2,80be1e0a6d895a2aa558f696d67e95dd
"ALGS Playoffs - Year 3, Split 2",ALGS Playoffs,3,2,Global,/algs/Y3-Split2/ALGS-Playoffs/Global/Overview,Day 3 - Game #3,Storm Point,3,3,8b12259b912912eb96fd27f002a87010
"ALGS Playoffs - Year 3, Split 2",ALGS Playoffs,3,2,Global,/algs/Y3-Split2/ALGS-Playoffs/Global/Overview,Day 3 - Game #3,World's Edge,3,3,3cfd3f3a88e3c412aa86348279d3f35b
"ALGS Playoffs - Year 3, Split 2",ALGS Playoffs,3,2,Global,/algs/Y3-Split2/ALGS-Playoffs/Global/Overview,Day 3 - Game #3,World's Edge,3,3,5bbe5cea90a0f0c6d1e27b39865b3f9b
"ALGS Championship - Year 3, Split 2",ALGS Championship,3,2,Global,/algs/Y3-Split2/ALGS-Championships/Global/Overview,Day 3 - Game #3,Storm Point,3,3,93206cc065a6cce17511ecaafff4bb3e
"ALGS Playoffs - Year 3, Split 2",ALGS Playoffs,3,2,Global,/algs/Y3-Split2/ALGS-Playoffs/Global/Overview,Day 3 - Game #4,World's Edge,3,4,dacd5364185834c9d48c0ca7b48b4730
"ALGS Playoffs - Year 3, Split 2",ALGS Playoffs,3,2,Global,/algs/Y3-Split2/ALGS-Playoffs/Global/Overview,Day 3 - Game #4,Storm Point,3,4,a285dc8a4d11ac0a36e73b3c97b47ad3
"ALGS Playoffs - Year 3, Split 2",ALGS Playoffs,3,2,Global,/algs/Y3-Split2/ALGS-Playoffs/Global/Overview,Day 3 - Game #4,Storm Point,3,4,da10f4c1212ac3d06455abca16db514b
"ALGS Championship - Year 3, Split 2",ALGS Championship,3,2,Global,/algs/Y3-Split2/ALGS-Championships/Global/Overview,Day 3 - Game #4,Storm Point,3,4,20ca6c0f62b47d5a9d62951c85062c8f
"ALGS Playoffs - Year 3, Split 2",ALGS Playoffs,3,2,Global,/algs/Y3-Split2/ALGS-Playoffs/Global/Overview,Day 3 - Game #5,World's Edge,3,5,6fe78b4b070f6f3fba3aa5f3e7d42dbb
"ALGS Playoffs - Year 3, Split 2",ALGS Playoffs,3,2,Global,/algs/Y3-Split2/ALGS-Playoffs/Global/Overview,Day 3 - Game #5,Storm Point,3,5,1d1f1c933809ae9c3881e49692fed9c3
"ALGS Playoffs - Year 3, Split 2",ALGS Playoffs,3,2,Global,/algs/Y3-Split2/ALGS-Playoffs/Global/Overview,Day 3 - Game #5,Storm Point,3,5,3e04d67efad845dcbeb30f7810aae222
"ALGS Championship - Year 3, Split 2",ALGS Championship,3,2,Global,/algs/Y3-Split2/ALGS-Championships/Global/Overview,Day 3 - Game #5,World's Edge,3,5,5824fd08ad04d7d922751a8b33ec167e
"ALGS Playoffs - Year 3, Split 2",ALGS Playoffs,3,2,Global,/algs/Y3-Split2/ALGS-Playoffs/Global/Overview,Day 3 - Game #6,World's Edge,3,6,ea640530ccdbd056a9f86f5b1c8e253b
"ALGS Playoffs - Year 3, Split 2",ALGS Playoffs,3,2,Global,/algs/Y3-Split2/ALGS-Playoffs/Global/Overview,Day 3 - Game #6,Storm Point,3,6,c4c62475843a05c6b1f8e359d4f59593
"ALGS Playoffs - Year 3, Split 2",ALGS Playoffs,3,2,Global,/algs/Y3-Split2/ALGS-Playoffs/Global/Overview,Day 3 - Game #6,Storm Point,3,6,f079ec7f75ece053c1b5fd996f5b2af8
"ALGS Championship - Year 3, Split 2",ALGS Championship,3,2,Global,/algs/Y3-Split2/ALGS-Championships/Global/Overview,Day 3 - Game #6,World's Edge,3,6,06f81384344cf97e38e12c84a9f04cf3
"ALGS Championship - Year 3, Split 2",ALGS Championship,3,2,Global,/algs/Y3-Split2/ALGS-Championships/Global/Overview,Day 3 - Game #7,World's Edge,3,7,6daa6b5e893568615e8de7e75f0a7fc9
"ALGS Championship - Year 3, Split 2",ALGS Championship,3,2,Global,/algs/Y3-Split2/ALGS-Championships/Global/Overview,Day 3 - Game #8,World's Edge,3,8,1c498c577e3f9f1b34e68a901451520c
"ALGS Playoffs - Year 3, Split 2",ALGS Playoffs,3,2,Global,/algs/Y3-Split2/ALGS-Playoffs/Global/Overview,Day 4 - Game #1,World's Edge,4,1,f6e1d3a040319117d657b19647198713
"ALGS Championship - Year 3, Split 2",ALGS Championship,3,2,Global,/algs/Y3-Split2/ALGS-Championships/Global/Overview,Day 4 - Game #1,World's Edge,4,1,d0b72ea7b5ee62adbc3c92ce8972c441
"ALGS Championship - Year 3, Split 2",ALGS Championship,3,2,Global,/algs/Y3-Split2/ALGS-Championships/Global/Overview,Day 4 - Game #1,Storm Point,4,1,3abbe0e367341fa27a5740d908fe6d07
"ALGS Playoffs - Year 3, Split 2",ALGS Playoffs,3,2,Global,/algs/Y3-Split2/ALGS-Playoffs/Global/Overview,Day 4 - Game #2,World's Edge,4,2,3dac11bc48fd2f0f4adfdbaa44c95034
"ALGS Championship - Year 3, Split 2",ALGS Championship,3,2,Global,/algs/Y3-Split2/ALGS-Championships/Global/Overview,Day 4 - Game #2,World's Edge,4,2,7fc0cc4f0287ef141a6757785909206c
"ALGS Championship - Year 3, Split 2",ALGS Championship,3,2,Global,/algs/Y3-Split2/ALGS-Championships/Global/Overview,Day 4 - Game #2,Storm Point,4,2,840a7099cfda78a08372b0de2e58537d
"ALGS Playoffs - Year 3, Split 2",ALGS Playoffs,3,2,Global,/algs/Y3-Split2/ALGS-Playoffs/Global/Overview,Day 4 - Game #3,Storm Point,4,3,0d9a59c9933ad2266b59da70ea6adc6f
"ALGS Championship - Year 3, Split 2",ALGS Championship,3,2,Global,/algs/Y3-Split2/ALGS-Championships/Global/Overview,Day 4 - Game #3,World's Edge,4,3,407a6c6e14353b90510139df401dd43c
"ALGS Championship - Year 3, Split 2",ALGS Championship,3,2,Global,/algs/Y3-Split2/ALGS-Championships/Global/Overview,Day 4 - Game #3,Storm Point,4,3,b3b4ac63f6a7cf2e46bed86330cdfb5f
"ALGS Playoffs - Year 3, Split 2",ALGS Playoffs,3,2,Global,/algs/Y3-Split2/ALGS-Playoffs/Global/Overview,Day 4 - Game #4,Storm Point,4,4,dd11b77c2223a09b4d526e5da09cae64
"ALGS Championship - Year 3, Split 2",ALGS Championship,3,2,Global,/algs/Y3-Split2/ALGS-Championships/Global/Overview,Day 4 - Game #4,World's Edge,4,4,f1509c49bfb8a2f2b9bd00aa46c80c28
"ALGS Championship - Year 3, Split 2",ALGS Championship,3,2,Global,/algs/Y3-Split2/ALGS-Championships/Global/Overview,Day 4 - Game #4,Storm Point,4,4,5a4c2613e846bf53f96c8a83476dba22
"ALGS Playoffs - Year 3, Split 2",ALGS Playoffs,3,2,Global,/algs/Y3-Split2/ALGS-Playoffs/Global/Overview,Day 4 - Game #5,World's Edge,4,5,663689afd5eba4a576fb8048e915c640
"ALGS Championship - Year 3, Split 2",ALGS Championship,3,2,Global,/algs/Y3-Split2/ALGS-Championships/Global/Overview,Day 4 - Game #5,Storm Point,4,5,1ec393796ae30d7c01c5144eb481e9b0
"ALGS Championship - Year 3, Split 2",ALGS Championship,3,2,Global,/algs/Y3-Split2/ALGS-Championships/Global/Overview,Day 4 - Game #5,World's Edge,4,5,18f041bc6ae9bf792965902c8f7b982b
"ALGS Playoffs - Year 3, Split 2",ALGS Playoffs,3,2,Global,/algs/Y3-Split2/ALGS-Playoffs/Global/Overview,Day 4 - Game #6,World's Edge,4,6,ce26189e45c1df249d4e49b8bca56f3c
"ALGS Championship - Year 3, Split 2",ALGS Championship,3,2,Global,/algs/Y3-Split2/ALGS-Championships/Global/Overview,Day 4 - Game #6,Storm Point,4,6,61626aaa05f0018e339c3f993b2659e2
"ALGS Championship - Year 3, Split 2",ALGS Championship,3,2,Global,/algs/Y3-Split2/ALGS-Championships/Global/Overview,Day 4 - Game #6,World's Edge,4,6,0d81d8eef2a1dd52f62949426600050b
"ALGS Playoffs - Year 3, Split 2",ALGS Playoffs,3,2,Global,/algs/Y3-Split2/ALGS-Playoffs/Global/Overview,Day 4 - Game #7,Storm Point,4,7,025b63aa15dbce836e32cccf2c2c7e16
"ALGS Championship - Year 3, Split 2",ALGS Championship,3,2,Global,/algs/Y3-Split2/ALGS-Championships/Global/Overview,Day 4 - Game #7,Storm Point,4,7,577d076cd187a0ce7074cf47689648b3
"ALGS Championship - Year 3, Split 2",ALGS Championship,3,2,Global,/algs/Y3-Split2/ALGS-Championships/Global/Overview,Day 4 - Game #7,World's Edge,4,7,fe05f6de6126dd285735009bb2e7cd31
"ALGS Championship - Year 3, Split 2",ALGS Championship,3,2,Global,/algs/Y3-Split2/ALGS-Championships/Global/Overview,Day 4 - Game #8,Storm Point,4,8,946d26ffef24bf7a178a608d2d0e99dd
"ALGS Championship - Year 3, Split 2",ALGS Championship,3,2,Global,/algs/Y3-Split2/ALGS-Championships/Global/Overview,Day 4 - Game #8,World's Edge,4,8,53a0222da3e050c49960ed88246dec18
"ALGS Championship - Year 3, Split 2",ALGS Championship,3,2,Global,/algs/Y3-Split2/ALGS-Championships/Global/Overview,Day 5 - Game #1,World's Edge,5,1,36b9c18b84882d87da4a64fa2ad7626d
"ALGS Championship - Year 3, Split 2",ALGS Championship,3,2,Global,/algs/Y3-Split2/ALGS-Championships/Global/Overview,Day 5 - Game #2,World's Edge,5,2,a9d26c53e2bf1352ac47c788b664e7cc
"ALGS Championship - Year 3, Split 2",ALGS Championship,3,2,Global,/algs/Y3-Split2/ALGS-Championships/Global/Overview,Day 5 - Game #3,Storm Point,5,3,e7bd2e466b14059b659da61847e4caa2
"ALGS Championship - Year 3, Split 2",ALGS Championship,3,2,Global,/algs/Y3-Split2/ALGS-Championships/Global/Overview,Day 5 - Game #4,Storm Point,5,4,f54ea71718b328c137229c11bb1a4e90
"ALGS Championship - Year 3, Split 2",ALGS Championship,3,2,Global,/algs/Y3-Split2/ALGS-Championships/Global/Overview,Day 5 - Game #5,World's Edge,5,5,66fe3fe583b41e941dfcf1592ea8b31f
"ALGS Championship - Year 3, Split 2",ALGS Championship,3,2,Global,/algs/Y3-Split2/ALGS-Championships/Global/Overview,Day 5 - Game #6,World's Edge,5,6,a44476a53709b998913cb83a5fa013b9
"ALGS Championship - Year 3, Split 2",ALGS Championship,3,2,Global,/algs/Y3-Split2/ALGS-Championships/Global/Overview,Day 5 - Game #7,Storm Point,5,7,cf9c96478b211c50f4e19a12654db4b4
"ALGS Championship - Year 3, Split 2",ALGS Championship,3,2,Global,/algs/Y3-Split2/ALGS-Championships/Global/Overview,Day 5 - Game #8,Storm Point,5,8,28ff68be12ac6c3f91f0cee967ab65d6
"Pro League - Year 3, Split 2",Pro League,3,2,SA,/algs/Y3-Split2/Pro-League/SA/Overview,Day 1 - Game #1,World's Edge,1,1,bf7da1011e197f944f8b4ceb81297888
"Pro League - Year 3, Split 2",Pro League,3,2,SA,/algs/Y3-Split2/Pro-League/SA/Overview,Day 1 - Game #2,World's Edge,1,2,ddf3951a0ca312eb67e5a32b89b7845c
"Pro League - Year 3, Split 2",Pro League,3,2,SA,/algs/Y3-Split2/Pro-League/SA/Overview,Day 1 - Game #3,World's Edge,1,3,bdf40fc570ac29eadd3c60fed996d4e9
"Pro League - Year 3, Split 2",Pro League,3,2,SA,/algs/Y3-Split2/Pro-League/SA/Overview,Day 1 - Game #4,Storm Point,1,4,564ca1d8c07fa5ae8a193f63d31b478a
"Pro League - Year 3, Split 2",Pro League,3,2,SA,/algs/Y3-Split2/Pro-League/SA/Overview,Day 1 - Game #5,Storm Point,1,5,d88cdc0637f0c16e217c80ae2654248f
"Pro League - Year 3, Split 2",Pro League,3,2,SA,/algs/Y3-Split2/Pro-League/SA/Overview,Day 1 - Game #6,Storm Point,1,6,60b23d32cd42b4c595623ac8ef467c8b
"Pro League - Year 3, Split 2",Pro League,3,2,SA,/algs/Y3-Split2/Pro-League/SA/Overview,Day 2 - Game #1,World's Edge,2,1,431d66b86a449505a8b69274eda03276
"Pro League - Year 3, Split 2",Pro League,3,2,SA,/algs/Y3-Split2/Pro-League/SA/Overview,Day 2 - Game #2,World's Edge,2,2,dac856ba99e4554a156eb9d77d831bba
"Pro League - Year 3, Split 2",Pro League,3,2,SA,/algs/Y3-Split2/Pro-League/SA/Overview,Day 2 - Game #3,World's Edge,2,3,7a8db4ac8a1939c3790337547402d9ee
"Pro League - Year 3, Split 2",Pro League,3,2,SA,/algs/Y3-Split2/Pro-League/SA/Overview,Day 2 - Game #4,Storm Point,2,4,2c400f6dce9166063756079b9bbdd7c5
"Pro League - Year 3, Split 2",Pro League,3,2,SA,/algs/Y3-Split2/Pro-League/SA/Overview,Day 2 - Game #5,Storm Point,2,5,a4b705bc8d19c46860d810da4f7eaa4f
"Pro League - Year 3, Split 2",Pro League,3,2,SA,/algs/Y3-Split2/Pro-League/SA/Overview,Day 2 - Game #6,Storm Point,2,6,499bac36fccb8cab6dd7b4834e58101a
"Pro League - Year 3, Split 2",Pro League,3,2,SA,/algs/Y3-Split2/Pro-League/SA/Overview,Day 3 - Game #1,World's Edge,3,1,d4a767dac9fb3ce5e60d77a2a2d95622
"Pro League - Year 3, Split 2",Pro League,3,2,SA,/algs/Y3-Split2/Pro-League/SA/Overview,Day 3 - Game #2,World's Edge,3,2,88919aacf7dc28428537939e45f0bb7b
"Pro League - Year 3, Split 2",Pro League,3,2,SA,/algs/Y3-Split2/Pro-League/SA/Overview,Day 3 - Game #3,World's Edge,3,3,6dc06346558a91ece20de2589ad60de9
"Pro League - Year 3, Split 2",Pro League,3,2,SA,/algs/Y3-Split2/Pro-League/SA/Overview,Day 3 - Game #4,Storm Point,3,4,82e2d62406ebb919d03fc9fbb573cb5b
"Pro League - Year 3, Split 2",Pro League,3,2,SA,/algs/Y3-Split2/Pro-League/SA/Overview,Day 3 - Game #5,Storm Point,3,5,bdf216f8adb92f1926a480aa1bd633b4
"Pro League - Year 3, Split 2",Pro League,3,2,SA,/algs/Y3-Split2/Pro-League/SA/Overview,Day 3 - Game #6,Storm Point,3,6,934ef1688b6e6d57b9080ea42004c737
"Pro League - Year 3, Split 2",Pro League,3,2,SA,/algs/Y3-Split2/Pro-League/SA/Overview,Day 4 - Game #1,World's Edge,4,1,bf2a0b51d18a6c2d62cd35a447bd23cd
"Pro League - Year 3, Split 2",Pro League,3,2,SA,/algs/Y3-Split2/Pro-League/SA/Overview,Day 4 - Game #2,World's Edge,4,2,1ff3790ef5d050befab4cbc2d16981ac
"Pro League - Year 3, Split 2",Pro League,3,2,SA,/algs/Y3-Split2/Pro-League/SA/Overview,Day 4 - Game #3,Storm Point,4,3,a7eee0cde342af1509fb43c7ec58d8fb
"Pro League - Year 3, Split 2",Pro League,3,2,SA,/algs/Y3-Split2/Pro-League/SA/Overview,Day 4 - Game #4,Storm Point,4,4,8e09b97340f9a62951b71a6d3a7ca7fc
"Pro League - Year 3, Split 2",Pro League,3,2,SA,/algs/Y3-Split2/Pro-League/SA/Overview,Day 4 - Game #5,Storm Point,4,5,cf3cfab352f2fae929b36ed99d739537
"Pro League - Year 3, Split 2",Pro League,3,2,SA,/algs/Y3-Split2/Pro-League/SA/Overview,Day 5 - Game #1,World's Edge,5,1,d51fd8c859c7c52ae93e27cb4251edbc
"Pro League - Year 3, Split 2",Pro League,3,2,SA,/algs/Y3-Split2/Pro-League/SA/Overview,Day 5 - Game #2,World's Edge,5,2,27b037e6f655e2ac6a84073574b8f993
"Pro League - Year 3, Split 2",Pro League,3,2,SA,/algs/Y3-Split2/Pro-League/SA/Overview,Day 5 - Game #3,World's Edge,5,3,6e85928d60f614e9d3287287a4c8a527
"Pro League - Year 3, Split 2",Pro League,3,2,SA,/algs/Y3-Split2/Pro-League/SA/Overview,Day 5 - Game #4,Storm Point,5,4,64f300f32f4fac354d077f05cbed8d96
"Pro League - Year 3, Split 2",Pro League,3,2,SA,/algs/Y3-Split2/Pro-League/SA/Overview,Day 5 - Game #5,Storm Point,5,5,ca0562b8c7dc863bf8d4f4be81b10c52
"Pro League - Year 3, Split 2",Pro League,3,2,SA,/algs/Y3-Split2/Pro-League/SA/Overview,Day 5 - Game #6,Storm Point,5,6,7ec86d4ebc40198f67cc523d9997f289
"Pro League - Year 3, Split 2",Pro League,3,2,SA,/algs/Y3-Split2/Pro-League/SA/Overview,Day 6 - Game #1,Storm Point,6,1,8a63f466cc741230edea592cbb49b3d9
"Pro League - Year 3, Split 2",Pro League,3,2,SA,/algs/Y3-Split2/Pro-League/SA/Overview,Day 6 - Game #2,Storm Point,6,2,c25df3284592dd1b1f9ad8e378e42e54
"Pro League - Year 3, Split 2",Pro League,3,2,SA,/algs/Y3-Split2/Pro-League/SA/Overview,Day 6 - Game #3,Storm Point,6,3,ff3c8b2cf3f2fa8c5f4019e0a0e69131
"Pro League - Year 3, Split 2",Pro League,3,2,SA,/algs/Y3-Split2/Pro-League/SA/Overview,Day 6 - Game #4,World's Edge,6,4,44725d1f07d8b61f496858a8532b4ded
"Pro League - Year 3, Split 2",Pro League,3,2,SA,/algs/Y3-Split2/Pro-League/SA/Overview,Day 6 - Game #5,World's Edge,6,5,7b2fcd77e9e3d8952a4850854b68899f
"Pro League - Year 3, Split 2",Pro League,3,2,SA,/algs/Y3-Split2/Pro-League/SA/Overview,Day 6 - Game #6,World's Edge,6,6,ac071a818016d442791e7b5ed7ac47b9
"Pro League - Year 3, Split 2",Pro League,3,2,SA,/algs/Y3-Split2/Pro-League/SA/Overview,Day 7 - Game #1,Storm Point,7,1,6d02cb99c7d8e2ba75ad03ca2a64d463
"Pro League - Year 3, Split 2",Pro League,3,2,SA,/algs/Y3-Split2/Pro-League/SA/Overview,Day 7 - Game #2,Storm Point,7,2,041f69e7987b367792a90218cdd5ade1
"Pro League - Year 3, Split 2",Pro League,3,2,SA,/algs/Y3-Split2/Pro-League/SA/Overview,Day 7 - Game #3,Storm Point,7,3,9e98da3e697c492debb9281765561a68
"Pro League - Year 3, Split 2",Pro League,3,2,SA,/algs/Y3-Split2/Pro-League/SA/Overview,Day 7 - Game #4,World's Edge,7,4,28e46e5e5890db3a2b40992d5f4d89e1
"Pro League - Year 3, Split 2",Pro League,3,2,SA,/algs/Y3-Split2/Pro-League/SA/Overview,Day 7 - Game #5,World's Edge,7,5,c2dbd4b2216fbf4a3df5f4cb10df9550
"Pro League - Year 3, Split 2",Pro League,3,2,SA,/algs/Y3-Split2/Pro-League/SA/Overview,Day 7 - Game #6,World's Edge,7,6,ecc0ad98e1055516b8471bddd9a2fce4
"Pro League - Year 3, Split 2",Pro League,3,2,SA,/algs/Y3-Split2/Pro-League/SA/Overview,Day 8 - Game #2,Storm Point,8,2,3cc2c7e9cfe6b8e2082cdbcbe863314f
"Pro League - Year 3, Split 2",Pro League,3,2,SA,/algs/Y3-Split2/Pro-League/SA/Overview,Day 8 - Game #3,Storm Point,8,3,4c728339e0b639eb05e6edd5065c7ad4
"Pro League - Year 3, Split 2",Pro League,3,2,SA,/algs/Y3-Split2/Pro-League/SA/Overview,Day 8 - Game #4,World's Edge,8,4,f827f4fb7ea2ac64707f350a86852ebd
"Pro League - Year 3, Split 2",Pro League,3,2,SA,/algs/Y3-Split2/Pro-League/SA/Overview,Day 8 - Game #5,World's Edge,8,5,f475e8aaccde9cc5bdd8f6ffb00d8732
"Pro League - Year 3, Split 2",Pro League,3,2,SA,/algs/Y3-Split2/Pro-League/SA/Overview,Day 8 - Game #6,World's Edge,8,6,78d19d6c6971463bb2e27c47b7416613
"Pro League - Year 3, Split 2",Pro League,3,2,SA,/algs/Y3-Split2/Pro-League/SA/Overview,Day 9 - Game #1,Storm Point,9,1,c5da87f94d441f3212cff1bb9c81e312
"Pro League - Year 3, Split 2",Pro League,3,2,SA,/algs/Y3-Split2/Pro-League/SA/Overview,Day 9 - Game #2,Storm Point,9,2,a937bfabbc4c5cc46b98899b12d6dccc
"Pro League - Year 3, Split 2",Pro League,3,2,SA,/algs/Y3-Split2/Pro-League/SA/Overview,Day 9 - Game #3,Storm Point,9,3,4a12e08d0075fc2cbe8a85ed3968304b
"Pro League - Year 3, Split 2",Pro League,3,2,SA,/algs/Y3-Split2/Pro-League/SA/Overview,Day 9 - Game #4,World's Edge,9,4,c85a3f73705a4718c03db2c847194869
"Pro League - Year 3, Split 2",Pro League,3,2,SA,/algs/Y3-Split2/Pro-League/SA/Overview,Day 9 - Game #5,World's Edge,9,5,ba7b86cb8e05cb0459db2e252c6b7607
"Pro League - Year 3, Split 2",Pro League,3,2,SA,/algs/Y3-Split2/Pro-League/SA/Overview,Day 9 - Game #6,World's Edge,9,6,612cfe74c8f9de54c83c26df67385985
"Pro League - Year 3, Split 2",Pro League,3,2,,/algs/Y3-Split2/Pro-League/NA/Overview,Day 1 - Game #1,World's Edge,1,1,c4780cebae1cea97a309fbeb1e7727f3
"LCQ - Year 3, Split 2",LCQ,3,2,,/algs/Y3-Split2/LCQ/NA/Overview,Day 1 - Game #1,World's Edge,1,1,db83ef1e4c3c3756c606dbce39d511d6
"Pro League - Year 3, Split 2",Pro League,3,2,,/algs/Y3-Split2/Pro-League/NA/Overview,Day 1 - Game #2,World's Edge,1,2,fd476f7694e7ab68c8d4a41ba156a92e
"LCQ - Year 3, Split 2",LCQ,3,2,,/algs/Y3-Split2/LCQ/NA/Overview,Day 1 - Game #2,World's Edge,1,2,1b50c87c75ee32d400e72d92876633bb
"Pro League - Year 3, Split 2",Pro League,3,2,,/algs/Y3-Split2/Pro-League/NA/Overview,Day 1 - Game #3,World's Edge,1,3,138a3d7e2de68a03502e6a8448174c82
"LCQ - Year 3, Split 2",LCQ,3,2,,/algs/Y3-Split2/LCQ/NA/Overview,Day 1 - Game #3,Storm Point,1,3,76c6782bd48a1d7e6317b9b8b530b29b
"Pro League - Year 3, Split 2",Pro League,3,2,,/algs/Y3-Split2/Pro-League/NA/Overview,Day 1 - Game #4,Storm Point,1,4,f661cd67ebc849f097deab5ac2291186
"LCQ - Year 3, Split 2",LCQ,3,2,,/algs/Y3-Split2/LCQ/NA/Overview,Day 1 - Game #4,Storm Point,1,4,8707719e842ece84549129a5286211c0
"Pro League - Year 3, Split 2",Pro League,3,2,,/algs/Y3-Split2/Pro-League/NA/Overview,Day 1 - Game #5,Storm Point,1,5,a334d77b9236744ee80a1481360fe1ce
"LCQ - Year 3, Split 2",LCQ,3,2,,/algs/Y3-Split2/LCQ/NA/Overview,Day 1 - Game #5,World's Edge,1,5,e898ea7ce805bd9f8757ab27de7e64df
"Pro League - Year 3, Split 2",Pro League,3,2,,/algs/Y3-Split2/Pro-League/NA/Overview,Day 1 - Game #6,Storm Point,1,6,3ae977f3c3baed8cb098b7c42ea092c6
"LCQ - Year 3, Split 2",LCQ,3,2,,/algs/Y3-Split2/LCQ/NA/Overview,Day 1 - Game #6,World's Edge,1,6,1c4120f088e7a720f84bc604e554af15
"Pro League - Year 3, Split 2",Pro League,3,2,,/algs/Y3-Split2/Pro-League/NA/Overview,Day 2 - Game #1,World's Edge,2,1,bfcec363d04d014ecc50a4f38d991a4e
"Pro League - Year 3, Split 2",Pro League,3,2,,/algs/Y3-Split2/Pro-League/NA/Overview,Day 2 - Game #2,World's Edge,2,2,fd88b5e61102d98f9568ef9127920adb
"Pro League - Year 3, Split 2",Pro League,3,2,,/algs/Y3-Split2/Pro-League/NA/Overview,Day 2 - Game #3,World's Edge,2,3,1417099e3d89a43ef09977cc0b5fb4ce
"Pro League - Year 3, Split 2",Pro League,3,2,,/algs/Y3-Split2/Pro-League/NA/Overview,Day 2 - Game #4,Storm Point,2,4,5a25b4d72e002c97bde38484418cfb06
"Pro League - Year 3, Split 2",Pro League,3,2,,/algs/Y3-Split2/Pro-League/NA/Overview,Day 2 - Game #5,Storm Point,2,5,ae13793d4d221105b81405fa5407335b
"Pro League - Year 3, Split 2",Pro League,3,2,,/algs/Y3-Split2/Pro-League/NA/Overview,Day 2 - Game #6,Storm Point,2,6,ef2345c0386d96309c867b2e81813146
"Pro League - Year 3, Split 2",Pro League,3,2,,/algs/Y3-Split2/Pro-League/NA/Overview,Day 3 - Game #1,World's Edge,3,1,4a0516b7bb9e2283d12f2bbafe21d014
"Pro League - Year 3, Split 2",Pro League,3,2,,/algs/Y3-Split2/Pro-League/NA/Overview,Day 3 - Game #2,World's Edge,3,2,13e79e0dab170910d8d7870744d3dad8
"Pro League - Year 3, Split 2",Pro League,3,2,,/algs/Y3-Split2/Pro-League/NA/Overview,Day 3 - Game #3,World's Edge,3,3,69840baa6a1a123279e79f37a3db7f92
"Pro League - Year 3, Split 2",Pro League,3,2,,/algs/Y3-Split2/Pro-League/NA/Overview,Day 3 - Game #4,Storm Point,3,4,7e6c88972027e250e963e58e164d2c84
"Pro League - Year 3, Split 2",Pro League,3,2,,/algs/Y3-Split2/Pro-League/NA/Overview,Day 3 - Game #5,Storm Point,3,5,cf5a7ec786aa66d14115cae92497b89e
"Pro League - Year 3, Split 2",Pro League,3,2,,/algs/Y3-Split2/Pro-League/NA/Overview,Day 3 - Game #6,Storm Point,3,6,1d3174e353e66ca17ee211deaf29dc42
"Pro League - Year 3, Split 2",Pro League,3,2,,/algs/Y3-Split2/Pro-League/NA/Overview,Day 4 - Game #1,World's Edge,4,1,cd07baa1179b1ed14c3536e6b898f9d0
"Pro League - Year 3, Split 2",Pro League,3,2,,/algs/Y3-Split2/Pro-League/NA/Overview,Day 4 - Game #2,World's Edge,4,2,b7547dd4667219c4e179f81dec18f61e
"Pro League - Year 3, Split 2",Pro League,3,2,,/algs/Y3-Split2/Pro-League/NA/Overview,Day 4 - Game #3,World's Edge,4,3,2af3bf6cbd7b1a8355668e158a0b086d
"Pro League - Year 3, Split 2",Pro League,3,2,,/algs/Y3-Split2/Pro-League/NA/Overview,Day 4 - Game #4,Storm Point,4,4,20cbf4be21aa6393ea62151daa84954f
"Pro League - Year 3, Split 2",Pro League,3,2,,/algs/Y3-Split2/Pro-League/NA/Overview,Day 4 - Game #5,Storm Point,4,5,874714ae1ca881b2cdd1e624ff414df8
"Pro League - Year 3, Split 2",Pro League,3,2,,/algs/Y3-Split2/Pro-League/NA/Overview,Day 4 - Game #6,Storm Point,4,6,f1971a653d528cdab4f6f607fbd6e6d0
"Pro League - Year 3, Split 2",Pro League,3,2,,/algs/Y3-Split2/Pro-League/NA/Overview,Day 5 - Game #1,World's Edge,5,1,6c29273d846ac4d8503602808218c2f3
"Pro League - Year 3, Split 2",Pro League,3,2,,/algs/Y3-Split2/Pro-League/NA/Overview,Day 5 - Game #2,World's Edge,5,2,2758de935d2d8698e00306faf9e1f48d
"Pro League - Year 3, Split 2",Pro League,3,2,,/algs/Y3-Split2/Pro-League/NA/Overview,Day 5 - Game #3,World's Edge,5,3,66750e66bf9bd7326bd1bf785288c13d
"Pro League - Year 3, Split 2",Pro League,3,2,,/algs/Y3-Split2/Pro-League/NA/Overview,Day 5 - Game #4,Storm Point,5,4,2b4ccfe97849c4b14c2c0d3334b40a0c
"Pro League - Year 3, Split 2",Pro League,3,2,,/algs/Y3-Split2/Pro-League/NA/Overview,Day 5 - Game #5,Storm Point,5,5,7f00c2744a6159dd082ac548e2400894
"Pro League - Year 3, Split 2",Pro League,3,2,,/algs/Y3-Split2/Pro-League/NA/Overview,Day 5 - Game #6,Storm Point,5,6,1fd84fab162517a8982b722d222d6b35
"Pro League - Year 3, Split 2",Pro League,3,2,,/algs/Y3-Split2/Pro-League/NA/Overview,Day 6 - Game #1,Storm Point,6,1,a5067dd9eb69394660f80ee97b0e164b
"Pro League - Year 3, Split 2",Pro League,3,2,,/algs/Y3-Split2/Pro-League/NA/Overview,Day 6 - Game #2,Storm Point,6,2,14b1706126817b92fd2e3ce4638cfa99
"Pro League - Year 3, Split 2",Pro League,3,2,,/algs/Y3-Split2/Pro-League/NA/Overview,Day 6 - Game #3,Storm Point,6,3,b6fe11560ae32722bf4891d64b350b75
"Pro League - Year 3, Split 2",Pro League,3,2,,/algs/Y3-Split2/Pro-League/NA/Overview,Day 6 - Game #4,World's Edge,6,4,3621d49075fcd2c88c612620cc3f5297
"Pro League - Year 3, Split 2",Pro League,3,2,,/algs/Y3-Split2/Pro-League/NA/Overview,Day 6 - Game #5,World's Edge,6,5,5464e08e38207f9e2a832205dea94010
"Pro League - Year 3, Split 2",Pro League,3,2,,/algs/Y3-Split2/Pro-League/NA/Overview,Day 6 - Game #6,World's Edge,6,6,04c050fee070cf8b9164fd8fb109e23e
"Pro League - Year 3, Split 2",Pro League,3,2,,/algs/Y3-Split2/Pro-League/NA/Overview,Day 7 - Game #1,Storm Point,7,1,a51e45917596368fd88590394b7e289a
"Pro League - Year 3, Split 2",Pro League,3,2,,/algs/Y3-Split2/Pro-League/NA/Overview,Day 7 - Game #2,Storm Point,7,2,1446788abdb8ba359869d58dbf9453c9
"Pro League - Year 3, Split 2",Pro League,3,2,,/algs/Y3-Split2/Pro-League/NA/Overview,Day 7 - Game #3,Storm Point,7,3,109ecd31d5fa1d2a1e2f14ac221a12b8
"Pro League - Year 3, Split 2",Pro League,3,2,,/algs/Y3-Split2/Pro-League/NA/Overview,Day 7 - Game #5,World's Edge,7,5,7633658bf0bc1a037106cec808a42a04
"Pro League - Year 3, Split 2",Pro League,3,2,,/algs/Y3-Split2/Pro-League/NA/Overview,Day 7 - Game #6,World's Edge,7,6,80bfb8d66b6d11858568f9353a126c3f
"Pro League - Year 3, Split 2",Pro League,3,2,,/algs/Y3-Split2/Pro-League/NA/Overview,Day 8 - Game #1,Storm Point,8,1,dc0a7bc50b08bd7f9215e0228545c3a9
"Pro League - Year 3, Split 2",Pro League,3,2,,/algs/Y3-Split2/Pro-League/NA/Overview,Day 8 - Game #2,Storm Point,8,2,ffc8c6f142351b6a7ac97713590c60ca
"Pro League - Year 3, Split 2",Pro League,3,2,,/algs/Y3-Split2/Pro-League/NA/Overview,Day 8 - Game #3,Storm Point,8,3,f9ddba31ada6aaf4c87614393034b290
"Pro League - Year 3, Split 2",Pro League,3,2,,/algs/Y3-Split2/Pro-League/NA/Overview,Day 8 - Game #4,World's Edge,8,4,7d050780dfc09f2fcdfc9f0665203889
"Pro League - Year 3, Split 2",Pro League,3,2,,/algs/Y3-Split2/Pro-League/NA/Overview,Day 8 - Game #5,World's Edge,8,5,6edfb1b5d82d74ce26084a6dd4a29719
"Pro League - Year 3, Split 2",Pro League,3,2,,/algs/Y3-Split2/Pro-League/NA/Overview,Day 8 - Game #6,World's Edge,8,6,37d059468e19a2ddc4c86b34de046231
"Pro League - Year 3, Split 2",Pro League,3,2,,/algs/Y3-Split2/Pro-League/NA/Overview,Day 9 - Game #1,Storm Point,9,1,4390899ac6284d6e36d4ca71b79a99e7
"Pro League - Year 3, Split 2",Pro League,3,2,,/algs/Y3-Split2/Pro-League/NA/Overview,Day 9 - Game #2,Storm Point,9,2,bd0585f6bb685b3fb428cbcc7c78bb55
"Pro League - Year 3, Split 2",Pro League,3,2,,/algs/Y3-Split2/Pro-League/NA/Overview,Day 9 - Game #3,Storm Point,9,3,7b53e28fb07265391560ac6af7cf8cb8
"Pro League - Year 3, Split 2",Pro League,3,2,,/algs/Y3-Split2/Pro-League/NA/Overview,Day 9 - Game #4,World's Edge,9,4,d01178f8bb6c7e727032f0f0d8dcef88
"Pro League - Year 3, Split 2",Pro League,3,2,,/algs/Y3-Split2/Pro-League/NA/Overview,Day 9 - Game #5,World's Edge,9,5,fcfc58b8039dd773120082cec7c811ff
"Pro League - Year 3, Split 2",Pro League,3,2,,/algs/Y3-Split2/Pro-League/NA/Overview,Day 9 - Game #6,World's Edge,9,6,8e6413c126d2db70aa4b49b1d6698ff7
"Pro League - Year 4, Split 1",Pro League,4,1,APAC_N,/algs/Y4-Split1/Pro-League/APAC_N/Overview,Day 1 - Game #1,Storm Point,1,1,3e48abbd0b0aa7d5a80198b3a425eba8
"Pro League - Year 4, Split 1",Pro League,4,1,APAC_N,/algs/Y4-Split1/Pro-League/APAC_N/Overview,Day 1 - Game #2,Storm Point,1,2,c4f610d6ea6f406805bc751fecfe53b2
"Pro League - Year 4, Split 1",Pro League,4,1,APAC_N,/algs/Y4-Split1/Pro-League/APAC_N/Overview,Day 1 - Game #3,Storm Point,1,3,25dbc6827efdd1ced6c49dc79a75f9bc
"Pro League - Year 4, Split 1",Pro League,4,1,APAC_N,/algs/Y4-Split1/Pro-League/APAC_N/Overview,Day 1 - Game #4,World's Edge,1,4,480de2e255cd3c4565035f08457d06f1
"Pro League - Year 4, Split 1",Pro League,4,1,APAC_N,/algs/Y4-Split1/Pro-League/APAC_N/Overview,Day 1 - Game #5,World's Edge,1,5,7face8a906c0c9bdf1b0bdf52a01e0c5
"Pro League - Year 4, Split 1",Pro League,4,1,APAC_N,/algs/Y4-Split1/Pro-League/APAC_N/Overview,Day 1 - Game #6,World's Edge,1,6,9d3e8ce383455815bbc5105e92ec359c
"Pro League - Year 4, Split 1",Pro League,4,1,APAC_S,/algs/Y4-Split1/Pro-League/APAC_S/Overview,Day 1 - Game #1,Storm Point,1,1,8481b566abbbb96a56ce2216b2959121
"Pro League - Year 4, Split 1",Pro League,4,1,APAC_S,/algs/Y4-Split1/Pro-League/APAC_S/Overview,Day 1 - Game #2,Storm Point,1,2,d496ce355de76f79f5048801271c4c2d
"Pro League - Year 4, Split 1",Pro League,4,1,APAC_S,/algs/Y4-Split1/Pro-League/APAC_S/Overview,Day 1 - Game #3,Storm Point,1,3,fdf5839036ad9189861fe4b2a9bc1cf0
"Pro League - Year 4, Split 1",Pro League,4,1,APAC_S,/algs/Y4-Split1/Pro-League/APAC_S/Overview,Day 1 - Game #4,World's Edge,1,4,c20fb3aa30bdc3d2fb1c195199741071
"Pro League - Year 4, Split 1",Pro League,4,1,APAC_S,/algs/Y4-Split1/Pro-League/APAC_S/Overview,Day 1 - Game #5,World's Edge,1,5,d83174a85b62561ee0ad280a76e39a04
"Pro League - Year 4, Split 1",Pro League,4,1,APAC_S,/algs/Y4-Split1/Pro-League/APAC_S/Overview,Day 1 - Game #6,World's Edge,1,6,7713af731b8e8a74ed222fa3122e7890
"Pro League - Year 4, Split 1",Pro League,4,1,EMEA,/algs/Y4-Split1/Pro-League/EMEA/Overview,Day 1 - Game #1,Storm Point,1,1,378546ccd3520a38e9dbe0a0bcbd158d
"Pro League - Year 4, Split 1",Pro League,4,1,EMEA,/algs/Y4-Split1/Pro-League/EMEA/Overview,Day 1 - Game #2,Storm Point,1,2,fc5f6d1eba1444f45952eab8c2777eae
"Pro League - Year 4, Split 1",Pro League,4,1,EMEA,/algs/Y4-Split1/Pro-League/EMEA/Overview,Day 1 - Game #3,Storm Point,1,3,06c1d5559bb220d709ca182f76b75986
"Pro League - Year 4, Split 1",Pro League,4,1,EMEA,/algs/Y4-Split1/Pro-League/EMEA/Overview,Day 1 - Game #4,World's Edge,1,4,85b226e68a889d36ebe3d202ae34fd25
"Pro League - Year 4, Split 1",Pro League,4,1,EMEA,/algs/Y4-Split1/Pro-League/EMEA/Overview,Day 1 - Game #5,World's Edge,1,5,ff3948f9998e74d1537698c805d99b48
"Pro League - Year 4, Split 1",Pro League,4,1,EMEA,/algs/Y4-Split1/Pro-League/EMEA/Overview,Day 1 - Game #6,World's Edge,1,6,d437dbcc6a3396301b95db82bff2ca5d
"Pro League - Year 4, Split 1",Pro League,4,1,,/algs/Y4-Split1/Pro-League/NA/Overview,Day 1 - Game #1,Storm Point,1,1,3879ae98d4778354369ece64e99299fb
"Pro League - Year 4, Split 1",Pro League,4,1,,/algs/Y4-Split1/Pro-League/NA/Overview,Day 1 - Game #2,Storm Point,1,2,cea3d7dda6321596baafc96cc9ddb736
"Pro League - Year 4, Split 1",Pro League,4,1,,/algs/Y4-Split1/Pro-League/NA/Overview,Day 1 - Game #3,Storm Point,1,3,92a41c7697550bc629c5355608a0c663
"Pro League - Year 4, Split 1",Pro League,4,1,,/algs/Y4-Split1/Pro-League/NA/Overview,Day 1 - Game #4,World's Edge,1,4,323edd98558e27c323a4f1f835b184c9
"Pro League - Year 4, Split 1",Pro League,4,1,,/algs/Y4-Split1/Pro-League/NA/Overview,Day 1 - Game #5,World's Edge,1,5,0228ce7711fbede9aab0a915dec85b3d
"Pro League - Year 4, Split 1",Pro League,4,1,,/algs/Y4-Split1/Pro-League/NA/Overview,Day 1 - Game #6,World's Edge,1,6,2d4b2894ec56b64c04f7bcd7f733d6a3
